dataentryid,id,partner,partnermentiontype,datecreated,servicetype,authordisplayname,message,contenttype,url,impressions,retweetcount,likecount,replycount,commentcount,viewcount,lovecount,sharecount,wowcount,hahacount,sadcount,angrycount,brandexposurevalue,logoaverageclarity,logoaveragesize,logototalseconds,logoimpressions,engagement,sentiment,vodviews,tags,alllogos,textmention
1797,-1944401167,Arizona Coyotes,TextMention,3/9/21 21:59,Twitter,Arizona Coyotes,,Photo,,84433,70,1105,14,,,,,,,,,0,,,,,8402,Objective,,"Social Owned,Coyotes Owned",,Coyotes Owned
1796,283000438,Arizona Coyotes,TextMention,3/9/21 20:31,Twitter,Arizona Coyotes,,Photo,,101264,44,394,31,,,,,,,,,0,,,,,8904,Objective,,"Social Owned,Coyotes Owned",,Coyotes Owned
1795,-1267829565,Arizona Coyotes,TextMention,3/9/21 19:49,Twitter,Arizona Coyotes,,Photo,,5429,5,36,0,,,,,,,,,0,,,,,101,Objective,,"Social Owned,Coyotes Owned",Gila River,Coyotes Owned
1794,-2027210872,Arizona Coyotes,TextMention,3/9/21 19:49,Twitter,Arizona Coyotes,,Photo,,6556,7,45,1,,,,,,,,,0,,,,,191,Positive,,"Social Owned,Coyotes Owned",Gila River,Coyotes Owned
1793,-411736095,Arizona Coyotes,TextMention,3/9/21 19:49,Twitter,Arizona Coyotes,,Photo,,22037,26,132,2,,,,,,,,,0,,,,,1081,Positive,,"Social Owned,Coyotes Owned",Gila River,Coyotes Owned
1792,1844505561,Arizona Coyotes,TextMention,3/9/21 18:28,Twitter,Arizona Coyotes,,Video,,,0,0,0,,,,,,,,,0,,,,,0,Objective,,"Social Owned,Coyotes Owned,Pepsi,Geico","Fry's,Geico,Gila River,Pepsi","Coyotes Owned,Pepsi,Geico"
1791,-1814986904,Arizona Coyotes,TextMention,3/9/21 1:34,Twitter,Arizona Coyotes,,Text,,13132,10,118,0,,,,,,,,,0,,,,,358,Objective,,"Social Owned,Coyotes Owned",,Coyotes Owned
1790,742977273,Arizona Coyotes,TextMention,3/9/21 0:24,Twitter,Arizona Coyotes,,Photo,,130652,25,318,2,,,,,,,,,0,,,,,8497,Positive,,"Social Owned,Coyotes Owned",Cox Communications,Coyotes Owned
1789,1848547850,Arizona Coyotes,TextMention,3/9/21 22:31,Twitter,Arizona Coyotes,,Photo,,70717,84,922,17,,,,,,,,,0,,,,,6205,Objective,,"Social Owned,Coyotes Owned,Enterprise","Cox Communications,Enterprise","Coyotes Owned,Enterprise"
1788,854598929,Arizona Coyotes,TextMention,3/8/21 20:22,Twitter,Arizona Coyotes,,Text,,8221,0,55,0,,,,,,,,,0,,,,,119,Negative,,"Social Owned,Coyotes Owned",,Coyotes Owned
1787,-549084093,Arizona Coyotes,TextMention,3/8/21 20:22,Twitter,Arizona Coyotes,,Photo,,22597,7,171,4,,,,,,,,,0,,,,,686,Objective,,"Social Owned,Coyotes Owned",Cox Communications,Coyotes Owned
1786,-1168378524,Arizona Coyotes,TextMention,3/8/21 19:52,Twitter,Arizona Coyotes,,Photo,,,0,0,0,,,,,,,,,0,,,,,0,Positive,,"Social Owned,Coyotes Owned",,Coyotes Owned
1785,-536726045,Arizona Coyotes,TextMention,3/8/21 19:39,Twitter,Arizona Coyotes,,Text,,5384,1,54,1,,,,,,,,,0,,,,,108,Objective,,"Social Owned,Coyotes Owned,Bally Sports",,"Coyotes Owned,Bally Sports"
1784,2013067889,Arizona Coyotes,TextMention,3/8/21 19:36,Twitter,Arizona Coyotes,,Video,,22647,14,201,6,,5753,,,,,,,0,,,,,1501,Objective,5753,"Social Owned,Coyotes Owned","Cox Communications,Dunkin' Donuts",Coyotes Owned
1783,-962046554,Arizona Coyotes,TextMention,3/8/21 19:14,Twitter,Arizona Coyotes,,Photo,,32614,26,392,5,,,,,,,,,0,,,,,1599,Positive,,"Social Owned,Coyotes Owned,Pepsi,Geico","Banner Health,Fry's,Geico,Pepsi","Coyotes Owned,Pepsi,Geico"
1782,-97974663,Arizona Coyotes,TextMention,3/8/21 17:31,Twitter,Arizona Coyotes,,Text,,4689,2,40,0,,,,,,,,,0,,,,,64,Positive,,"Social Owned,Coyotes Owned",,Coyotes Owned
1781,-1889434254,Arizona Coyotes,TextMention,3/8/21 17:30,Twitter,Arizona Coyotes,,Text,,10592,25,106,6,,,,,,,,,0,,,,,316,Positive,,"Social Owned,Coyotes Owned",,Coyotes Owned
1780,-1231592930,Arizona Coyotes,TextMention,3/8/21 15:44,Twitter,Arizona Coyotes,,Photo,,7500,8,51,1,,,,,,,,,0,,,,,156,Positive,,"Social Owned,Coyotes Owned",,Coyotes Owned
1779,-1138132243,Arizona Coyotes,TextMention,3/8/21 2:04,Twitter,Arizona Coyotes,,Photo,,41712,20,339,11,,,,,,,,,0,,,,,4452,Positive,,"Social Owned,Coyotes Owned",,Coyotes Owned
1778,-1835933537,Arizona Coyotes,TextMention,3/8/21 1:48,Twitter,Arizona Coyotes,,Photo,,53186,23,449,9,,,,,,,,,0,,,,,3059,Objective,,"Social Owned,Coyotes Owned",,Coyotes Owned
1777,-738386300,Arizona Coyotes,TextMention,3/7/21 20:51,Twitter,Arizona Coyotes,,Photo,,24645,9,273,4,,,,,,,,,0,,,,,2209,Objective,,"Social Owned,Coyotes Owned",,Coyotes Owned
1776,874766251,Arizona Coyotes,TextMention,3/7/21 4:04,Twitter,Arizona Coyotes,,Text,,43349,13,333,9,,,,,,,,,0,,,,,996,Objective,,"Social Owned,Coyotes Owned",,Coyotes Owned
1775,957535266,Arizona Coyotes,TextMention,3/6/21 17:02,Twitter,Arizona Coyotes,,Photo,,11488,16,156,3,,,,,,,,,0,,,,,405,Positive,,"Social Owned,Coyotes Owned",,Coyotes Owned
1774,1919762462,Arizona Coyotes,TextMention,3/5/21 17:31,Twitter,Arizona Coyotes,,Video,,11976,24,241,12,,3116,,,,,,,0,,,,,931,Positive,3116,"Social Owned,Coyotes Owned,Geico,Dignity Health,Mayo Clinic","Dignity Health,Geico,Gila River,Mayo Clinic,Mountain America Credit Union","Coyotes Owned,Geico,Dignity Health,Mayo Clinic"
1773,-1263928768,Arizona Coyotes,TextMention,3/5/21 1:31,Twitter,Arizona Coyotes,,Text,,42536,33,303,20,,,,,,,,,0,,,,,2193,Positive,,"Social Owned,Coyotes Owned",,Coyotes Owned
1772,-449841875,Arizona Coyotes,TextMention,3/5/21 0:29,Twitter,Arizona Coyotes,,Video,,31492,20,168,16,,8723,,,,,,,0,,,,,2449,Positive,8723,"Social Owned,Coyotes Owned",,Coyotes Owned
1771,-1904132965,Arizona Coyotes,TextMention,3/4/21 23:22,Twitter,Arizona Coyotes,,Photo,,228567,143,2135,32,,,,,,,,,0,,,,,16013,Positive,,"Social Owned,Coyotes Owned",,Coyotes Owned
1770,-1731028032,Arizona Coyotes,TextMention,3/4/21 22:35,Twitter,Arizona Coyotes,,Text,,331800,98,676,86,,,,,,,,,0,,,,,10593,Positive,,"Social Owned,Coyotes Owned",,Coyotes Owned
1769,-438861754,Arizona Coyotes,TextMention,3/3/21 19:07,Twitter,Arizona Coyotes,,Photo,,19777,10,221,2,,,,,,,,,0,,,,,1023,Objective,,"Social Owned,Coyotes Owned",,Coyotes Owned
1768,-1042628011,Arizona Coyotes,TextMention,3/29/21 18:06,Twitter,Arizona Coyotes,,Photo,,1841,1,48,8,,,,,,,,,0,,,,,122,Positive,,"Social Owned,Coyotes Owned",,Coyotes Owned
1767,-712568245,Arizona Coyotes,TextMention,3/28/21 20:56,Twitter,Arizona Coyotes,,Text,,27760,15,144,8,,,,,,,,,0,,,,,1264,Objective,,"Social Owned,Coyotes Owned",,Coyotes Owned
1766,-801848522,Arizona Coyotes,TextMention,3/28/21 19:37,Twitter,Arizona Coyotes,,Text,,41990,23,154,3,,,,,,,,,0,,,,,917,Positive,,"Social Owned,Coyotes Owned",,Coyotes Owned
1765,427872869,Arizona Coyotes,TextMention,3/28/21 17:43,YouTube,Arizona Coyotes,"Erikkson, Ko≈ôen√°≈ô and Tourigny discuss preseason win against Los Angeles | Arizona Coyotes #ArizonaCoyotes #Coyotes #Yotes #NHL #Hockey   Arizona Coyotes forward Loui Erikkson, Josef Ko≈ôen√°≈ô and Andr√© Tourigny discuss Monday's preseason 2-1 win against the Los Angeles Kings.   Subscribe to the Arizona Coyotes YT Channel: youtube.com/c/ArizonaCoyotes/?sub_confirmation=1 For more Coyotes videos: https://www.youtube.com/c/ArizonaCoyotes/  Get the App: https://apple.co/3jxC1su For more Coyotes action: http://www.arizonacoyotes.com Sign up for our newsletter: https://www.nhl.com/coyotes/fans/email/ Like us on Facebook: https://www.facebook.com/ArizonaCoyotes Follow us on Twitter: https://twitter.com/ArizonaCoyotes Follow us on Instagram: https://www.instagram.com/arizonacoyo...",Video,https://www.youtube.com/watch?v=HTrnUH2LQ2o,52,,4,,0,52,,,,,,,0,,,,,5,Positive,52,"Social Owned,Coyotes Owned",,Coyotes Owned
1764,-1906193934,Arizona Coyotes,TextMention,3/28/21 17:14,Twitter,Arizona Coyotes,,Text,,14899,10,95,3,,,,,,,,,0,,,,,394,Positive,,"Social Owned,Coyotes Owned",,Coyotes Owned
1763,-451987636,Arizona Coyotes,TextMention,3/28/21 5:10,Twitter,Arizona Coyotes,,Photo,,80405,18,221,4,,,,,,,,,0,,,,,6554,Objective,,"Social Owned,Coyotes Owned",,Coyotes Owned
1762,853482321,Arizona Coyotes,TextMention,3/28/21 4:53,Twitter,Arizona Coyotes,,Photo,,68084,57,583,10,,,,,,,,,0,,,,,2262,Positive,,"Social Owned,Coyotes Owned",,Coyotes Owned
1761,-579337406,Arizona Coyotes,TextMention,3/28/21 4:50,Twitter,Arizona Coyotes,,Video,,53746,33,314,3,,13385,,,,,,,0,,,,,2995,Objective,13385,"Social Owned,Coyotes Owned,Geico,Dignity Health,Enterprise","Cintron World,Cox Communications,Dignity Health,Enterprise,Geico,Medsupply","Coyotes Owned,Geico,Dignity Health,Enterprise"
1760,779185403,Arizona Coyotes,TextMention,3/28/21 4:18,Twitter,Arizona Coyotes,,Photo,,33916,42,381,5,,,,,,,,,0,,,,,4091,Objective,,"Social Owned,Coyotes Owned",,Coyotes Owned
1759,-1480571987,Arizona Coyotes,TextMention,3/28/21 3:51,Twitter,Arizona Coyotes,,Video,,69951,62,435,26,,20830,,,,,,,0,,,,,7506,Objective,20830,"Social Owned,Coyotes Owned,Geico,Dignity Health","Cox Communications,Dignity Health,Fry's,Geico,Gila River,Medsupply","Coyotes Owned,Geico,Dignity Health"
1758,1254163930,Arizona Coyotes,TextMention,3/28/21 3:45,Twitter,Arizona Coyotes,,Text,,25115,3,95,3,,,,,,,,,0,,,,,260,Positive,,"Social Owned,Coyotes Owned",,Coyotes Owned
1757,-1301400037,Arizona Coyotes,TextMention,3/28/21 3:41,Twitter,Arizona Coyotes,,Photo,,16182,3,118,5,,,,,,,,,0,,,,,707,Objective,,"Social Owned,Coyotes Owned",,Coyotes Owned
1756,-2146024251,Arizona Coyotes,TextMention,3/28/21 3:38,Twitter,Arizona Coyotes,,Photo,,462355,102,1015,50,,,,,,,,,0,,,,,43694,Objective,,"Social Owned,Coyotes Owned","Cox Communications,Gila River",Coyotes Owned
1755,1058790322,Arizona Coyotes,TextMention,3/28/21 2:45,Twitter,Arizona Coyotes,,Photo,,16964,5,111,4,,,,,,,,,0,,,,,594,Objective,,"Social Owned,Coyotes Owned",,Coyotes Owned
1754,2059088696,Arizona Coyotes,TextMention,3/28/21 2:38,Twitter,Arizona Coyotes,,Photo,,38698,23,341,10,,,,,,,,,0,,,,,3581,Positive,,"Social Owned,Coyotes Owned",,Coyotes Owned
1753,-740294901,Arizona Coyotes,TextMention,3/28/21 1:53,Twitter,Arizona Coyotes,,Video,,167526,41,663,19,,40784,,,,,,,0,,,,,6257,Objective,40784,"Social Owned,Coyotes Owned",,Coyotes Owned
1752,-462059370,Arizona Coyotes,TextMention,3/28/21 1:42,Twitter,Arizona Coyotes,,Photo,,55450,18,210,17,,,,,,,,,0,,,,,6081,Objective,,"Social Owned,Coyotes Owned",,Coyotes Owned
1751,-884668931,Arizona Coyotes,TextMention,3/28/21 1:28,Twitter,Arizona Coyotes,,Photo,,28920,8,204,12,,,,,,,,,0,,,,,3655,Positive,,"Social Owned,Coyotes Owned",,Coyotes Owned
1750,-2092420419,Arizona Coyotes,TextMention,3/28/21 1:19,Twitter,Arizona Coyotes,,Photo,,32317,15,192,8,,,,,,,,,0,,,,,3210,Objective,,"Social Owned,Coyotes Owned",,Coyotes Owned
1749,1495756461,Arizona Coyotes,TextMention,3/28/21 1:04,Twitter,Arizona Coyotes,,Video,,24470,20,240,8,,4882,,,,,,,0,,,,,1371,Objective,4882,"Social Owned,Coyotes Owned",,Coyotes Owned
1748,2044090370,Arizona Coyotes,TextMention,3/27/21 18:15,Twitter,Arizona Coyotes,,Video,,685,7,25,1,,50,,,,,,,0,,,,,61,Objective,50,"Social Owned,Coyotes Owned,Dignity Health",Dignity Health,"Coyotes Owned,Dignity Health"
1747,-686820902,Arizona Coyotes,TextMention,3/27/21 17:33,Twitter,Arizona Coyotes,,Photo,,11374,15,180,12,,,,,,,,,0,,,,,970,Objective,,"Social Owned,Coyotes Owned",,Coyotes Owned
1746,288785183,Arizona Coyotes,TextMention,3/27/21 17:09,Twitter,Arizona Coyotes,,Photo,,19042,9,117,7,,,,,,,,,0,,,,,1036,Objective,,"Social Owned,Coyotes Owned",,Coyotes Owned
1745,-1756107794,Arizona Coyotes,TextMention,3/27/21 15:04,Twitter,Arizona Coyotes,,Photo,,24219,20,273,7,,,,,,,,,0,,,,,1606,Positive,,"Social Owned,Coyotes Owned",,Coyotes Owned
1744,-280948139,Arizona Coyotes,TextMention,3/27/21 23:29,Twitter,Arizona Coyotes,,Photo,,40466,28,586,18,,,,,,,,,0,,,,,3390,Objective,,"Social Owned,Coyotes Owned",,Coyotes Owned
1743,-755139135,Arizona Coyotes,TextMention,3/26/21 21:52,Twitter,Arizona Coyotes,,Photo,,31702,12,283,8,,,,,,,,,0,,,,,2985,Objective,,"Social Owned,Coyotes Owned",,Coyotes Owned
1742,-1621523072,Arizona Coyotes,TextMention,3/26/21 17:37,Twitter,Arizona Coyotes,,Photo,,6948,12,131,0,,,,,,,,,0,,,,,264,Objective,,"Social Owned,Coyotes Owned",,Coyotes Owned
1741,309198426,Arizona Coyotes,TextMention,3/26/21 16:24,Twitter,Arizona Coyotes,,Photo,,14255,6,117,5,,,,,,,,,0,,,,,1025,Positive,,"Social Owned,Coyotes Owned",,Coyotes Owned
1740,1214914664,Arizona Coyotes,TextMention,3/26/21 22:36,Twitter,Arizona Coyotes,,Video,,14959,14,200,8,,2966,,,,,,,0,,,,,892,Objective,2966,"Social Owned,Coyotes Owned,Geico,Dignity Health,Mayo Clinic","Banner Health,Cintron World,Dignity Health,Fry's,Geico,Gila River,Mayo Clinic,Mountain America Credit Union","Coyotes Owned,Geico,Dignity Health,Mayo Clinic"
1739,1036570779,Arizona Coyotes,TextMention,3/25/21 21:15,Twitter,Arizona Coyotes,,Text,,12645,7,93,2,,,,,,,,,0,,,,,461,Positive,,"Social Owned,Coyotes Owned",,Coyotes Owned
1738,1226617079,Arizona Coyotes,TextMention,3/25/21 20:41,Twitter,Arizona Coyotes,,Photo,,18217,11,213,1,,,,,,,,,0,,,,,977,Objective,,"Social Owned,Coyotes Owned","Fry's,Gila River",Coyotes Owned
1737,1180898321,Arizona Coyotes,TextMention,3/25/21 19:02,Twitter,Arizona Coyotes,,Photo,,17895,14,175,1,,,,,,,,,0,,,,,1010,Objective,,"Social Owned,Coyotes Owned,Enterprise","Enterprise,Gila River","Coyotes Owned,Enterprise"
1736,1144376296,Arizona Coyotes,TextMention,3/25/21 17:19,Twitter,Arizona Coyotes,,Video,,5725,6,80,1,,1472,,,,,,,0,,,,,317,Objective,1472,"Social Owned,Coyotes Owned,Geico,Dignity Health,Enterprise","Cox Communications,Dignity Health,Enterprise,Geico","Coyotes Owned,Geico,Dignity Health,Enterprise"
1735,1975794859,Arizona Coyotes,TextMention,3/25/21 16:26,Twitter,Arizona Coyotes,,Photo,,25457,44,703,6,,,,,,,,,0,,,,,3006,Positive,,"Social Owned,Coyotes Owned",,Coyotes Owned
1734,123937296,Arizona Coyotes,TextMention,3/25/21 14:33,Twitter,Arizona Coyotes,,Photo,,18593,13,251,9,,,,,,,,,0,,,,,1226,Positive,,"Social Owned,Coyotes Owned",,Coyotes Owned
1733,-1946827507,Arizona Coyotes,TextMention,3/24/21 20:32,Twitter,Arizona Coyotes,,Video,,23868,19,230,3,,5486,,,,,,,0,,,,,1315,Positive,5486,"Social Owned,Coyotes Owned",,Coyotes Owned
1732,477694053,Arizona Coyotes,TextMention,3/24/21 19:26,Twitter,Arizona Coyotes,,Photo,,26567,12,169,4,,,,,,,,,0,,,,,1519,Objective,,"Social Owned,Coyotes Owned",,Coyotes Owned
1731,973464739,Arizona Coyotes,TextMention,3/24/21 19:06,Twitter,Arizona Coyotes,,Photo,,119428,60,866,31,,,,,,,,,0,,,,,5938,Objective,,"Social Owned,Coyotes Owned",,Coyotes Owned
1730,-1626276694,Arizona Coyotes,TextMention,3/24/21 17:51,Twitter,Arizona Coyotes,,Photo,,5587,4,68,3,,,,,,,,,0,,,,,597,Objective,,"Social Owned,Coyotes Owned",,Coyotes Owned
1729,-91616822,Arizona Coyotes,TextMention,3/24/21 17:17,Twitter,Arizona Coyotes,,Video,,8716,13,132,7,,2129,,,,,,,0,,,,,789,Positive,2129,"Social Owned,Coyotes Owned",,Coyotes Owned
1728,-2002551775,Arizona Coyotes,TextMention,3/24/21 15:01,Twitter,Arizona Coyotes,,Video,,8306,10,76,0,,1642,,,,,,,0,,,,,426,Positive,1642,"Social Owned,Coyotes Owned",,Coyotes Owned
1727,-1654470017,Arizona Coyotes,TextMention,3/24/21 0:11,Twitter,Arizona Coyotes,,Video,,21052,31,298,9,,4818,,,,,,,0,,,,,1581,Objective,4818,"Social Owned,Coyotes Owned,Geico,Dignity Health,Enterprise","Cintron World,Cox Communications,Desert Financial Credit Union,Dignity Health,Enterprise,Fry's,Geico,Gila River,Medsupply,Mountain America Credit Union","Coyotes Owned,Geico,Dignity Health,Enterprise"
1726,-1067893756,Arizona Coyotes,TextMention,3/24/21 23:16,Twitter,Arizona Coyotes,,Photo,,18642,14,136,3,,,,,,,,,0,,,,,2150,Positive,,"Social Owned,Coyotes Owned",,Coyotes Owned
1725,-411805222,Arizona Coyotes,TextMention,3/24/21 22:55,Twitter,Arizona Coyotes,,Photo,,61372,294,779,12,,,,,,,,,0,,,,,5047,Objective,,"Social Owned,Coyotes Owned",,Coyotes Owned
1724,-1042251554,Arizona Coyotes,TextMention,3/24/21 22:29,Twitter,Arizona Coyotes,,Photo,,88024,37,456,9,,,,,,,,,0,,,,,7992,Positive,,"Social Owned,Coyotes Owned",,Coyotes Owned
1723,-7188316,Arizona Coyotes,TextMention,3/24/21 22:17,Twitter,Arizona Coyotes,,Photo,,18734,9,136,4,,,,,,,,,0,,,,,1260,Objective,,"Social Owned,Coyotes Owned",,Coyotes Owned
1722,-981964862,Arizona Coyotes,TextMention,3/23/21 21:37,Twitter,Arizona Coyotes,,Photo,,28831,12,249,9,,,,,,,,,0,,,,,2956,Objective,,"Social Owned,Coyotes Owned",,Coyotes Owned
1721,-503024197,Arizona Coyotes,TextMention,3/23/21 20:02,Twitter,Arizona Coyotes,,Text,,15686,15,104,11,,,,,,,,,0,,,,,534,Objective,,"Social Owned,Coyotes Owned,Bally Sports",,"Coyotes Owned,Bally Sports"
1720,647276046,Arizona Coyotes,TextMention,3/23/21 19:34,Twitter,Arizona Coyotes,,Photo,,39312,16,258,11,,,,,,,,,0,,,,,5153,Objective,,"Social Owned,Coyotes Owned",,Coyotes Owned
1719,-865479245,Arizona Coyotes,TextMention,3/23/21 19:23,YouTube,Arizona Coyotes,Lawson Crouse Media Day 2021 | Arizona Coyotes #ArizonaCoyotes #Coyotes #Yotes #NHL #Hockey   Arizona Coyotes Forward Lawson Crouse meets with the media ahead of the 2021-22 season.   Subscribe to the Arizona Coyotes YT Channel: youtube.com/c/ArizonaCoyotes/?sub_confirmation=1 For more Coyotes videos: https://www.youtube.com/c/ArizonaCoyotes/  Get the App: https://apple.co/3jxC1su For more Coyotes action: http://www.arizonacoyotes.com Sign up for our newsletter: https://www.nhl.com/coyotes/fans/email/ Like us on Facebook: https://www.facebook.com/ArizonaCoyotes Follow us on Twitter: https://twitter.com/ArizonaCoyotes Follow us on Instagram: https://www.instagram.com/arizonacoyo...,Video,https://www.youtube.com/watch?v=JdboaLAKGGE,136,,4,,0,136,,,,,,,0,,,,,4,Positive,136,"Social Owned,Coyotes Owned",,Coyotes Owned
1718,-709128854,Arizona Coyotes,TextMention,3/23/21 19:11,YouTube,Arizona Coyotes,Christian Fischer Media Day 2021 | Arizona Coyotes #ArizonaCoyotes #Coyotes #Yotes #NHL #Hockey   Arizona Coyotes Forward Christian Fischer meets with the media ahead of the 2021-22 season.   Subscribe to the Arizona Coyotes YT Channel: youtube.com/c/ArizonaCoyotes/?sub_confirmation=1 For more Coyotes videos: https://www.youtube.com/c/ArizonaCoyotes/  Get the App: https://apple.co/3jxC1su For more Coyotes action: http://www.arizonacoyotes.com Sign up for our newsletter: https://www.nhl.com/coyotes/fans/email/ Like us on Facebook: https://www.facebook.com/ArizonaCoyotes Follow us on Twitter: https://twitter.com/ArizonaCoyotes Follow us on Instagram: https://www.instagram.com/arizonacoyo...,Video,https://www.youtube.com/watch?v=Kr_XMV7lq18,133,,3,,1,133,,,,,,,0,,,,,4,Positive,133,"Social Owned,Coyotes Owned",,Coyotes Owned
1717,-976005934,Arizona Coyotes,TextMention,3/23/21 19:02,YouTube,Arizona Coyotes,Nick Schmaltz Media Day 2021 | Arizona Coyotes #ArizonaCoyotes #Coyotes #Yotes #NHL #Hockey   Arizona Coyotes Forward Nick Schmaltz meets with the media ahead of the 2021-22 season.   Subscribe to the Arizona Coyotes YT Channel: youtube.com/c/ArizonaCoyotes/?sub_confirmation=1 For more Coyotes videos: https://www.youtube.com/c/ArizonaCoyotes/  Get the App: https://apple.co/3jxC1su For more Coyotes action: http://www.arizonacoyotes.com Sign up for our newsletter: https://www.nhl.com/coyotes/fans/email/ Like us on Facebook: https://www.facebook.com/ArizonaCoyotes Follow us on Twitter: https://twitter.com/ArizonaCoyotes Follow us on Instagram: https://www.instagram.com/arizonacoyo...,Video,https://www.youtube.com/watch?v=xRlRro4vmsY,133,,8,,0,133,,,,,,,0,,,,,8,Positive,133,"Social Owned,Coyotes Owned",,Coyotes Owned
1716,843320639,Arizona Coyotes,TextMention,3/23/21 18:57,YouTube,Arizona Coyotes,Clayton Keller Media Day 2021 | Arizona Coyotes #ArizonaCoyotes #Coyotes #Yotes #NHL #Hockey   Arizona Coyotes Forward Clayton Keller meets with the media ahead of the 2021-22 season.   Subscribe to the Arizona Coyotes YT Channel: youtube.com/c/ArizonaCoyotes/?sub_confirmation=1 For more Coyotes videos: https://www.youtube.com/c/ArizonaCoyotes/  Get the App: https://apple.co/3jxC1su For more Coyotes action: http://www.arizonacoyotes.com Sign up for our newsletter: https://www.nhl.com/coyotes/fans/email/ Like us on Facebook: https://www.facebook.com/ArizonaCoyotes Follow us on Twitter: https://twitter.com/ArizonaCoyotes Follow us on Instagram: https://www.instagram.com/arizonacoyo...,Video,https://www.youtube.com/watch?v=FWX_KmLE-Jo,0,,0,,0,0,,,,,,,0,,,,,0,Positive,0,"Social Owned,Coyotes Owned",,Coyotes Owned
1715,371875601,Arizona Coyotes,TextMention,3/23/21 18:48,Twitter,Arizona Coyotes,,Video,,,0,0,0,,,,,,,,,0,,,,,0,Objective,,"Social Owned,Coyotes Owned,Geico,Enterprise,Mayo Clinic","Cox Communications,Enterprise,Fry's,Geico,Mayo Clinic","Coyotes Owned,Geico,Enterprise,Mayo Clinic"
1714,-2053500086,Arizona Coyotes,TextMention,3/23/21 18:20,YouTube,Arizona Coyotes,Jakob Chychrun Media Day 2021 | Arizona Coyotes #ArizonaCoyotes #Coyotes #Yotes #NHL #Hockey   Arizona Coyotes Defenseman Jakob Chychrun meets with the media ahead of the 2021-22 season.   Subscribe to the Arizona Coyotes YT Channel: youtube.com/c/ArizonaCoyotes/?sub_confirmation=1 For more Coyotes videos: https://www.youtube.com/c/ArizonaCoyotes/  Get the App: https://apple.co/3jxC1su For more Coyotes action: http://www.arizonacoyotes.com Sign up for our newsletter: https://www.nhl.com/coyotes/fans/email/ Like us on Facebook: https://www.facebook.com/ArizonaCoyotes Follow us on Twitter: https://twitter.com/ArizonaCoyotes Follow us on Instagram: https://www.instagram.com/arizonacoyo...,Video,https://www.youtube.com/watch?v=smO8JMew2kU,24,,3,,1,24,,,,,,,0,,,,,4,Positive,24,"Social Owned,Coyotes Owned",,Coyotes Owned
1713,-1900498724,Arizona Coyotes,TextMention,3/23/21 17:39,Twitter,Arizona Coyotes,,Text,,3408,11,49,4,,,,,,,,,0,,,,,286,Objective,,"Social Owned,Coyotes Owned",,Coyotes Owned
1712,2041107266,Arizona Coyotes,TextMention,3/23/21 16:27,Twitter,Arizona Coyotes,,Photo,,9466,9,131,6,,,,,,,,,0,,,,,774,Positive,,"Social Owned,Coyotes Owned",,Coyotes Owned
1711,-1394106298,Arizona Coyotes,TextMention,3/23/21 15:22,Twitter,Arizona Coyotes,,Photo,,119215,134,1723,66,,,,,,,,,0,,,,,8295,Objective,,"Social Owned,Coyotes Owned",,Coyotes Owned
1710,-191246189,Arizona Coyotes,TextMention,3/23/21 15:00,YouTube,Arizona Coyotes,Head Coach Andr√© Tourigny Media Day 2021 | Arizona Coyotes #ArizonaCoyotes #Coyotes #Yotes #NHL #Hockey   Head Coach Andr√© Tourigny addresses the media ahead of the Arizona Coyotes 2021-22 season.   Subscribe to the Arizona Coyotes YT Channel: youtube.com/c/ArizonaCoyotes/?sub_confirmation=1 For more Coyotes videos: https://www.youtube.com/c/ArizonaCoyotes/  Get the App: https://apple.co/3jxC1su For more Coyotes action: http://www.arizonacoyotes.com Sign up for our newsletter: https://www.nhl.com/coyotes/fans/email/ Like us on Facebook: https://www.facebook.com/ArizonaCoyotes Follow us on Twitter: https://twitter.com/ArizonaCoyotes Follow us on Instagram: https://www.instagram.com/arizonacoyo...,Video,https://www.youtube.com/watch?v=rxgyCHvjtz8,75,,13,,0,75,,,,,,,0,,,,,13,Positive,75,"Social Owned,Coyotes Owned",,Coyotes Owned
1709,-819146743,Arizona Coyotes,TextMention,3/23/21 2:00,Twitter,Arizona Coyotes,,Text,,16518,16,157,7,,,,,,,,,0,,,,,866,Objective,,"Social Owned,Coyotes Owned",,Coyotes Owned
1708,397799060,Arizona Coyotes,TextMention,3/23/21 1:55,YouTube,Arizona Coyotes,GM Bill Armstrong Media Day 2021 | Arizona Coyotes #ArizonaCoyotes #Coyotes #Yotes #NHL #Hockey   Arizona Coyotes GM Bill Armstrong address the media ahead of the start of the 2021-22 season.   Subscribe to the Arizona Coyotes YT Channel: youtube.com/c/ArizonaCoyotes/?sub_confirmation=1 For more Coyotes videos: https://www.youtube.com/c/ArizonaCoyotes/  Get the App: https://apple.co/3jxC1su For more Coyotes action: http://www.arizonacoyotes.com Sign up for our newsletter: https://www.nhl.com/coyotes/fans/email/ Like us on Facebook: https://www.facebook.com/ArizonaCoyotes Follow us on Twitter: https://twitter.com/ArizonaCoyotes Follow us on Instagram: https://www.instagram.com/arizonacoyo...,Video,https://www.youtube.com/watch?v=wwgMgL4y-lU,389,,23,,2,389,,,,,,,0,,,,,25,Positive,389,"Social Owned,Coyotes Owned",,Coyotes Owned
1707,677513009,Arizona Coyotes,TextMention,3/22/21 21:48,Twitter,Arizona Coyotes,,Text,,17125,18,150,5,,,,,,,,,0,,,,,690,Positive,,"Social Owned,Coyotes Owned",,Coyotes Owned
1706,-774991735,Arizona Coyotes,TextMention,3/22/21 20:58,Twitter,Arizona Coyotes,,Photo,,23173,16,249,4,,,,,,,,,0,,,,,1211,Positive,,"Social Owned,Coyotes Owned",Gila River,Coyotes Owned
1705,-562324624,Arizona Coyotes,TextMention,3/22/21 19:12,Twitter,Arizona Coyotes,,Photo,,50139,64,819,16,,,,,,,,,0,,,,,3246,Objective,,"Social Owned,Coyotes Owned",Gila River,Coyotes Owned
1704,1415435996,Arizona Coyotes,TextMention,3/22/21 18:49,Twitter,Arizona Coyotes,,Photo,,,0,0,0,,,,,,,,,0,,,,,0,Positive,,"Social Owned,Coyotes Owned",Gila River,Coyotes Owned
1703,2117042526,Arizona Coyotes,TextMention,3/22/21 18:34,Twitter,Arizona Coyotes,,Photo,,,0,0,0,,,,,,,,,0,,,,,0,Objective,,"Social Owned,Coyotes Owned",,Coyotes Owned
1702,-1604947320,Arizona Coyotes,TextMention,3/22/21 17:38,Twitter,Arizona Coyotes,,Photo,,5064,11,129,6,,,,,,,,,0,,,,,926,Objective,,"Social Owned,Coyotes Owned,Wallpaper Weds",,Coyotes Owned
1701,1184652340,Arizona Coyotes,TextMention,3/22/21 16:33,Twitter,Arizona Coyotes,,Photo,,23580,32,300,22,,,,,,,,,0,,,,,3360,Objective,,"Social Owned,Coyotes Owned",,Coyotes Owned
1700,-1326220790,Arizona Coyotes,TextMention,3/22/21 15:06,Twitter,Arizona Coyotes,,Text,,23995,10,120,1,,,,,,,,,0,,,,,1209,Objective,,"Social Owned,Coyotes Owned",,Coyotes Owned
1699,1000256152,Arizona Coyotes,TextMention,3/22/21 23:52,Twitter,Arizona Coyotes,,Photo,,39328,50,258,6,,,,,,,,,0,,,,,807,Positive,,"Social Owned,Coyotes Owned",,Coyotes Owned
1698,-1427782225,Arizona Coyotes,TextMention,3/22/21 23:04,Twitter,Arizona Coyotes,,Photo,,,0,0,0,,,,,,,,,0,,,,,0,Positive,,"Social Owned,Coyotes Owned",,Coyotes Owned
1697,-1045852841,Arizona Coyotes,TextMention,3/21/21 15:28,Twitter,Arizona Coyotes,,Text,,11338,7,78,0,,,,,,,,,0,,,,,291,Positive,,"Social Owned,Coyotes Owned",,Coyotes Owned
1696,552128889,Arizona Coyotes,TextMention,3/20/21 19:18,Twitter,Arizona Coyotes,,Text,,35853,42,522,17,,,,,,,,,0,,,,,2067,Positive,,"Social Owned,Coyotes Owned",,Coyotes Owned
1695,-1238901084,Arizona Coyotes,TextMention,3/20/21 17:07,Twitter,Arizona Coyotes,,Text,,1625,2,45,2,,,,,,,,,0,,,,,214,Objective,,"Social Owned,Coyotes Owned",,Coyotes Owned
1694,-1291741637,Arizona Coyotes,TextMention,3/20/21 16:58,Twitter,Arizona Coyotes,,Text,,30475,69,1209,19,,,,,,,,,0,,,,,3058,Positive,,"Social Owned,Coyotes Owned",,Coyotes Owned
1693,795019321,Arizona Coyotes,TextMention,3/20/21 16:55,Twitter,Arizona Coyotes,,Text,,,0,0,0,,,,,,,,,0,,,,,0,Positive,,"Social Owned,Coyotes Owned",,Coyotes Owned
1692,205419484,Arizona Coyotes,TextMention,3/20/21 16:42,Twitter,Arizona Coyotes,,Photo,,20116,51,549,19,,,,,,,,,0,,,,,2788,Positive,,"Social Owned,Coyotes Owned",,Coyotes Owned
1691,-1341157534,Arizona Coyotes,TextMention,3/20/21 16:16,Twitter,Arizona Coyotes,,Text,,,0,0,0,,,,,,,,,0,,,,,0,Objective,,"Social Owned,Coyotes Owned",,Coyotes Owned
1690,1610530510,Arizona Coyotes,TextMention,3/20/21 16:00,Twitter,Arizona Coyotes,,Text,,40659,90,690,29,,,,,,,,,0,,,,,3761,Objective,,"Social Owned,Coyotes Owned",,Coyotes Owned
1689,-1511985194,Arizona Coyotes,TextMention,3/20/21 3:06,Twitter,Arizona Coyotes,,Video,,40026,25,270,6,,11456,,,,,,,0,,,,,2283,Objective,11456,"Social Owned,Coyotes Owned,Geico,Enterprise","Banner Health,Enterprise,Geico","Coyotes Owned,Geico,Enterprise"
1688,212576495,Arizona Coyotes,TextMention,3/20/21 15:01,Twitter,Arizona Coyotes,,Text,,2966,1,17,0,,,,,,,,,0,,,,,71,Objective,,"Social Owned,Coyotes Owned",,Coyotes Owned
1687,492495936,Arizona Coyotes,TextMention,3/20/21 15:00,YouTube,Arizona Coyotes,THEY'RE BACK | Arizona Coyotes #ArizonaCoyotes #Coyotes #Yotes #NHL #Hockey   You asked. We answered. They're back.  Subscribe to the Arizona Coyotes YT Channel: youtube.com/c/ArizonaCoyotes/?sub_confirmation=1 For more Coyotes videos: https://www.youtube.com/c/ArizonaCoyotes/  Get the App: https://apple.co/3jxC1su For more Coyotes action: http://www.arizonacoyotes.com Sign up for our newsletter: https://www.nhl.com/coyotes/fans/email/ Like us on Facebook: https://www.facebook.com/ArizonaCoyotes Follow us on Twitter: https://twitter.com/ArizonaCoyotes Follow us on Instagram: https://www.instagram.com/arizonacoyo...,Video,https://www.youtube.com/watch?v=QljBkDkzwWo,317,,54,,10,317,,,,,,,0,,,,,64,Positive,317,"Social Owned,Coyotes Owned",,Coyotes Owned
1686,2017839435,Arizona Coyotes,TextMention,3/20/21 15:00,Twitter,Arizona Coyotes,,Video,,286516,450,2393,127,,99462,,,,,,,0,,,,,20315,Objective,99462,"Social Owned,Coyotes Owned",,Coyotes Owned
1685,-1816850030,Arizona Coyotes,TextMention,3/20/21 1:24,Twitter,Arizona Coyotes,,Photo,,26999,12,107,2,,,,,,,,,0,,,,,2795,Objective,,"Social Owned,Coyotes Owned",Mountain America Credit Union,Coyotes Owned
1684,995529062,Arizona Coyotes,TextMention,3/20/21 1:11,Twitter,Arizona Coyotes,,Video,,35419,12,296,4,,10508,,,,,,,0,,,,,2212,Objective,10508,"Social Owned,Coyotes Owned",,Coyotes Owned
1683,-512237108,Arizona Coyotes,TextMention,3/20/21 0:52,Twitter,Arizona Coyotes,,Photo,,23286,11,172,5,,,,,,,,,0,,,,,2312,Objective,,"Social Owned,Coyotes Owned",,Coyotes Owned
1682,557157217,Arizona Coyotes,TextMention,3/2/21 21:53,Twitter,Arizona Coyotes,,Text,,21179,17,151,1,,,,,,,,,0,,,,,1019,Positive,,"Social Owned,Coyotes Owned",,Coyotes Owned
1681,1152857958,Arizona Coyotes,TextMention,3/2/21 20:00,Twitter,Arizona Coyotes,,Text,,46556,21,124,2,,,,,,,,,0,,,,,1652,Objective,,"Social Owned,Coyotes Owned,Gila River",,"Coyotes Owned,Gila River"
1680,1932107851,Arizona Coyotes,TextMention,3/2/21 18:27,Twitter,Arizona Coyotes,,Photo,,,0,0,0,,,,,,,,,0,,,,,0,Objective,,"Social Owned,Coyotes Owned",,Coyotes Owned
1679,-2073722186,Arizona Coyotes,TextMention,3/2/21 17:02,Twitter,Arizona Coyotes,,Photo,,9379,10,142,4,,,,,,,,,0,,,,,601,Positive,,"Social Owned,Coyotes Owned",,Coyotes Owned
1678,-616021113,Arizona Coyotes,TextMention,3/2/21 16:09,Twitter,Arizona Coyotes,,Text,,18550,25,129,3,,,,,,,,,0,,,,,609,Positive,,"Social Owned,Coyotes Owned",,Coyotes Owned
1677,-1969942528,Arizona Coyotes,TextMention,3/19/21 21:43,Twitter,Arizona Coyotes,,Video,,101556,92,669,32,,16623,,,,,,,0,,,,,9606,Objective,16623,"Social Owned,Coyotes Owned",,Coyotes Owned
1676,-977576576,Arizona Coyotes,TextMention,3/19/21 17:12,Twitter,Arizona Coyotes,,Photo,,3931,11,74,6,,,,,,,,,0,,,,,205,Positive,,"Social Owned,Coyotes Owned,Gila River",,"Coyotes Owned,Gila River"
1675,1660850212,Arizona Coyotes,TextMention,3/18/21 17:31,Twitter,Arizona Coyotes,,Video,,6391,8,102,4,,1188,,,,,,,0,,,,,336,Positive,1188,"Social Owned,Coyotes Owned,Dignity Health","Dignity Health,Gila River,Medsupply,Mountain America Credit Union","Coyotes Owned,Dignity Health"
1674,-1704930956,Arizona Coyotes,TextMention,3/18/21 4:59,Twitter,Arizona Coyotes,,Video,,16531,24,261,8,,4875,,,,,,,0,,,,,1821,Objective,4875,"Social Owned,Coyotes Owned,Geico,Enterprise","Enterprise,Fry's,Geico,Gila River,Medsupply,Mountain America Credit Union","Coyotes Owned,Geico,Enterprise"
1673,-959234520,Arizona Coyotes,TextMention,3/18/21 4:40,Twitter,Arizona Coyotes,,Video,,30679,29,374,9,,9582,,,,,,,0,,,,,2853,Positive,9582,"Social Owned,Coyotes Owned,Geico,Dignity Health","Dignity Health,Geico,Gila River,Mountain America Credit Union","Coyotes Owned,Geico,Dignity Health"
1672,360128966,Arizona Coyotes,TextMention,3/18/21 4:36,Twitter,Arizona Coyotes,,Video,,17879,10,113,3,,5010,,,,,,,0,,,,,1275,Positive,5010,"Social Owned,Coyotes Owned,Geico,Dignity Health","Dignity Health,Geico,Gila River,Mountain America Credit Union","Coyotes Owned,Geico,Dignity Health"
1671,-659890279,Arizona Coyotes,TextMention,3/18/21 4:15,Twitter,Arizona Coyotes,,Photo,,61387,58,1048,17,,,,,,,,,0,,,,,5822,Positive,,"Social Owned,Coyotes Owned",,Coyotes Owned
1670,1129108420,Arizona Coyotes,TextMention,3/18/21 4:00,Twitter,Arizona Coyotes,,Text,,1707,0,5,0,,,,,,,,,0,,,,,15,Objective,,"Social Owned,Coyotes Owned",,Coyotes Owned
1669,1931170102,Arizona Coyotes,TextMention,3/18/21 3:54,Twitter,Arizona Coyotes,,Video,,466626,241,2149,62,,106014,,,,,,,0,,,,,19908,Positive,106014,"Social Owned,Coyotes Owned","Cintron World,Fry's,Gila River,Mountain America Credit Union",Coyotes Owned
1668,1349802434,Arizona Coyotes,TextMention,3/18/21 3:35,Twitter,Arizona Coyotes,,Photo,,14469,12,103,2,,,,,,,,,0,,,,,842,Objective,,"Social Owned,Coyotes Owned,Enterprise",Enterprise,"Coyotes Owned,Enterprise"
1667,171523716,Arizona Coyotes,TextMention,3/18/21 3:05,Twitter,Arizona Coyotes,,Video,,32929,22,185,4,,7807,,,,,,,0,,,,,1966,Positive,7807,"Social Owned,Coyotes Owned,Geico,Enterprise","Cintron World,Cox Communications,Enterprise,Fry's,Geico,Mountain America Credit Union","Coyotes Owned,Geico,Enterprise"
1666,-35022044,Arizona Coyotes,TextMention,3/18/21 2:30,Twitter,Arizona Coyotes,,Video,,14596,15,157,1,,3889,,,,,,,0,,,,,1485,Objective,3889,"Social Owned,Coyotes Owned",,Coyotes Owned
1665,66148144,Arizona Coyotes,TextMention,3/18/21 2:19,Twitter,Arizona Coyotes,,Photo,,39853,15,192,11,,,,,,,,,0,,,,,4397,Objective,,"Social Owned,Coyotes Owned",Mountain America Credit Union,Coyotes Owned
1664,568747146,Arizona Coyotes,TextMention,3/18/21 2:06,Twitter,Arizona Coyotes,,Text,,157,0,9,0,,,,,,,,,0,,,,,20,Positive,,"Social Owned,Coyotes Owned",,Coyotes Owned
1663,-1397258851,Arizona Coyotes,TextMention,3/18/21 2:06,Twitter,Arizona Coyotes,,Video,,17378,11,151,3,,4918,,,,,,,0,,,,,1054,Objective,4918,"Social Owned,Coyotes Owned,Dignity Health","Banner Health,Cintron World,Dignity Health,Fry's,Gila River,Mountain America Credit Union","Coyotes Owned,Dignity Health"
1662,1087496605,Arizona Coyotes,TextMention,3/18/21 1:14,Twitter,Arizona Coyotes,,Text,,95,0,1,1,,,,,,,,,0,,,,,6,Objective,,"Social Owned,Coyotes Owned",,Coyotes Owned
1661,-1801372143,Arizona Coyotes,TextMention,3/18/21 1:14,Twitter,Arizona Coyotes,,Photo,,37961,12,263,3,,,,,,,,,0,,,,,6308,Objective,,"Social Owned,Coyotes Owned",,Coyotes Owned
1660,1330162617,Arizona Coyotes,TextMention,3/18/21 23:44,Twitter,Arizona Coyotes,,Photo,,46297,24,498,10,,,,,,,,,0,,,,,5379,Objective,,"Social Owned,Coyotes Owned",,Coyotes Owned
1659,-108112778,Arizona Coyotes,TextMention,3/17/21 20:52,Twitter,Arizona Coyotes,,Photo,,23715,4,184,3,,,,,,,,,0,,,,,1999,Objective,,"Social Owned,Coyotes Owned",,Coyotes Owned
1658,1974474969,Arizona Coyotes,TextMention,3/17/21 19:13,Twitter,Arizona Coyotes,,Photo,,16037,2,35,1,,,,,,,,,0,,,,,473,Positive,,"Social Owned,Coyotes Owned",,Coyotes Owned
1657,-2047316678,Arizona Coyotes,TextMention,3/17/21 17:57,Twitter,Arizona Coyotes,,Text,,86,0,9,0,,,,,,,,,0,,,,,15,Positive,,"Social Owned,Coyotes Owned",,Coyotes Owned
1656,-1784324147,Arizona Coyotes,TextMention,3/17/21 17:31,Twitter,Arizona Coyotes,,Photo,,7637,4,47,4,,,,,,,,,0,,,,,314,Objective,,"Social Owned,Coyotes Owned,Gila River","Gila River,Mountain America Credit Union","Coyotes Owned,Gila River"
1655,-1168339381,Arizona Coyotes,TextMention,3/17/21 17:08,Twitter,Arizona Coyotes,,Photo,,18573,14,222,17,,,,,,,,,0,,,,,2423,Positive,,"Social Owned,Coyotes Owned",,Coyotes Owned
1654,-1071834427,Arizona Coyotes,TextMention,3/17/21 16:39,Twitter,Arizona Coyotes,,Photo,,12455,7,114,1,,,,,,,,,0,,,,,1471,Objective,,"Social Owned,Coyotes Owned",,Coyotes Owned
1653,2102534609,Arizona Coyotes,TextMention,3/17/21 0:59,Twitter,Arizona Coyotes,,Text,,10908,7,67,4,,,,,,,,,0,,,,,243,Positive,,"Social Owned,Coyotes Owned",,Coyotes Owned
1652,-1617755371,Arizona Coyotes,TextMention,3/17/21 0:11,Twitter,Arizona Coyotes,,Photo,,24342,12,270,3,,,,,,,,,0,,,,,1798,Positive,,"Social Owned,Coyotes Owned",,Coyotes Owned
1651,-1816380638,Arizona Coyotes,TextMention,3/17/21 22:22,Twitter,Arizona Coyotes,,Text,,13142,8,97,8,,,,,,,,,0,,,,,615,Objective,,"Social Owned,Coyotes Owned",,Coyotes Owned
1650,-1899635273,Arizona Coyotes,TextMention,3/16/21 21:14,Twitter,Arizona Coyotes,,Photo,,50601,31,449,11,,,,,,,,,0,,,,,4028,Positive,,"Social Owned,Coyotes Owned",,Coyotes Owned
1649,-1327387050,Arizona Coyotes,TextMention,3/16/21 20:24,Twitter,Arizona Coyotes,,Photo,,182076,19,383,20,,,,,,,,,0,,,,,17718,Positive,,"Social Owned,Coyotes Owned",,Coyotes Owned
1648,-1755669506,Arizona Coyotes,TextMention,3/16/21 17:52,Twitter,Arizona Coyotes,,Photo,,8276,3,41,2,,,,,,,,,0,,,,,183,Objective,,"Social Owned,Coyotes Owned",,Coyotes Owned
1647,-316465911,Arizona Coyotes,TextMention,3/16/21 17:28,Twitter,Arizona Coyotes,,Photo,,9844,13,130,5,,,,,,,,,0,,,,,628,Objective,,"Social Owned,Coyotes Owned",,Coyotes Owned
1646,-486991232,Arizona Coyotes,TextMention,3/16/21 16:43,Twitter,Arizona Coyotes,,Photo,,12555,10,117,2,,,,,,,,,0,,,,,663,Positive,,"Social Owned,Coyotes Owned",,Coyotes Owned
1645,349431872,Arizona Coyotes,TextMention,3/16/21 22:41,Twitter,Arizona Coyotes,,Photo,,19248,12,129,2,,,,,,,,,0,,,,,673,Positive,,"Social Owned,Coyotes Owned",Gila River,Coyotes Owned
1644,804716178,Arizona Coyotes,TextMention,3/16/21 22:06,YouTube,Arizona Coyotes,Arizona Coyotes introduce Tucson Roadrunners GM John Ferguson Arizona Coyotes General Manager Bill Armstrong introduced John Ferguson as the Club's Assistant General Manager. Ferguson will also serve as the General Manager of the Tucson Roadrunners (AHL).   #ArizonaCoyotes #Coyotes #Yotes #NHL #Hockey   Subscribe to the Arizona Coyotes YT Channel: youtube.com/c/ArizonaCoyotes/?sub_confirmation=1 For more Coyotes videos: https://www.youtube.com/c/ArizonaCoyotes/  Get the App: https://apple.co/3jxC1su For more Coyotes action: http://www.arizonacoyotes.com Sign up for our newsletter: https://www.nhl.com/coyotes/fans/email/ Like us on Facebook: https://www.facebook.com/ArizonaCoyotes Follow us on Twitter: https://twitter.com/ArizonaCoyotes Follow us on Instagram: https://www.instagram.com/arizonacoyo...,Video,https://www.youtube.com/watch?v=v40FSwspA9c,132,,6,,0,132,,,,,,,0,,,,,7,Positive,132,"Social Owned,Coyotes Owned",,Coyotes Owned
1643,749946154,Arizona Coyotes,TextMention,3/15/21 18:16,Twitter,Arizona Coyotes,,Text,,358,3,7,1,,,,,,,,,0,,,,,15,Positive,,"Social Owned,Coyotes Owned",,Coyotes Owned
1642,1919406793,Arizona Coyotes,TextMention,3/15/21 16:37,Twitter,Arizona Coyotes,,Photo,,,0,0,0,,,,,,,,,0,,,,,0,Objective,,"Social Owned,Coyotes Owned,Dignity Health",Dignity Health,"Coyotes Owned,Dignity Health"
1641,-506889315,Arizona Coyotes,TextMention,3/15/21 13:05,Twitter,Arizona Coyotes,,Text,,32462,42,187,7,,,,,,,,,0,,,,,835,Objective,,"Social Owned,Coyotes Owned",,Coyotes Owned
1640,-2009713858,Arizona Coyotes,TextMention,3/15/21 0:31,Twitter,Arizona Coyotes,,Video,,242060,58,682,9,,34660,,,,,,,0,,,,,5029,Negative,34660,"Social Owned,Coyotes Owned,Geico,Dignity Health,Enterprise,Mayo Clinic","Banner Health,Cintron World,Dignity Health,Enterprise,Fry's,Geico,Gila River,Mayo Clinic,Mountain America Credit Union","Coyotes Owned,Geico,Dignity Health,Enterprise,Mayo Clinic"
1639,287386607,Arizona Coyotes,TextMention,3/14/21 21:00,Twitter,Arizona Coyotes,,Text,,16596,17,115,4,,,,,,,,,0,,,,,449,Positive,,"Social Owned,Coyotes Owned,Dignity Health",,"Coyotes Owned,Dignity Health"
1638,1431707820,Arizona Coyotes,TextMention,3/14/21 18:40,Twitter,Arizona Coyotes,,Text,,,0,0,0,,,,,,,,,0,,,,,0,Positive,,"Social Owned,Coyotes Owned",,Coyotes Owned
1637,-610172043,Arizona Coyotes,TextMention,3/14/21 16:20,Twitter,Arizona Coyotes,,Video,,9016,12,100,0,,2096,,,,,,,0,,,,,624,Positive,2096,"Social Owned,Coyotes Owned",,Coyotes Owned
1636,1700539561,Arizona Coyotes,TextMention,3/14/21 4:16,Twitter,Arizona Coyotes,,Video,,30026,22,236,4,,8800,,,,,,,0,,,,,2066,Positive,8800,"Social Owned,Coyotes Owned,Enterprise,Mayo Clinic","Banner Health,Cox Communications,Enterprise,Fry's,Gila River,Mayo Clinic,Mountain America Credit Union","Coyotes Owned,Enterprise,Mayo Clinic"
1635,-1602798265,Arizona Coyotes,TextMention,3/14/21 2:58,Twitter,Arizona Coyotes,,Photo,,31029,15,214,3,,,,,,,,,0,,,,,3567,Positive,,"Social Owned,Coyotes Owned",,Coyotes Owned
1634,881881158,Arizona Coyotes,TextMention,3/14/21 2:27,Twitter,Arizona Coyotes,,Video,,29750,23,185,3,,7832,,,,,,,0,,,,,2224,Objective,7832,"Social Owned,Coyotes Owned,Geico,Dignity Health,Enterprise,Mayo Clinic","Cintron World,Cox Communications,Dignity Health,Enterprise,Fry's,Geico,Gila River,Mayo Clinic,Mountain America Credit Union","Coyotes Owned,Geico,Dignity Health,Enterprise,Mayo Clinic"
1633,-1369696675,Arizona Coyotes,TextMention,3/14/21 2:09,Twitter,Arizona Coyotes,,Photo,,29020,12,237,6,,,,,,,,,0,,,,,3564,Positive,,"Social Owned,Coyotes Owned",,Coyotes Owned
1632,1295682146,Arizona Coyotes,TextMention,3/14/21 2:00,Twitter,Arizona Coyotes,,Video,,17471,25,141,2,,4860,,,,,,,0,,,,,1422,Positive,4860,"Social Owned,Coyotes Owned,Dignity Health,Mayo Clinic","Dignity Health,Gila River,Mayo Clinic,Mountain America Credit Union","Coyotes Owned,Dignity Health,Mayo Clinic"
1631,1914957907,Arizona Coyotes,TextMention,3/14/21 1:12,Twitter,Arizona Coyotes,,Photo,,14672,4,112,2,,,,,,,,,0,,,,,1278,Positive,,"Social Owned,Coyotes Owned",,Coyotes Owned
1630,1046082991,Arizona Coyotes,TextMention,3/14/21 13:09,Twitter,Arizona Coyotes,,Video,,,0,0,0,,,,,,,,,0,,,,,0,Positive,,"Social Owned,Coyotes Owned,Enterprise,Mayo Clinic","Banner Health,Cox Communications,Enterprise,Fry's,Gila River,Mayo Clinic,Mountain America Credit Union","Coyotes Owned,Enterprise,Mayo Clinic"
1629,659843161,Arizona Coyotes,TextMention,3/14/21 0:47,Twitter,Arizona Coyotes,,Video,,14220,12,111,2,,3986,,,,,,,0,,,,,1124,Positive,3986,"Social Owned,Coyotes Owned",,Coyotes Owned
1628,940951509,Arizona Coyotes,TextMention,3/14/21 0:26,Twitter,Arizona Coyotes,,Photo,,23444,9,154,5,,,,,,,,,0,,,,,2909,Positive,,"Social Owned,Coyotes Owned",,Coyotes Owned
1627,894452617,Arizona Coyotes,TextMention,3/14/21 0:08,Twitter,Arizona Coyotes,,Photo,,48472,12,194,3,,,,,,,,,0,,,,,4580,Positive,,"Social Owned,Coyotes Owned",,Coyotes Owned
1626,492511820,Arizona Coyotes,TextMention,3/14/21 22:13,Twitter,Arizona Coyotes,,Photo,,15265,6,104,2,,,,,,,,,0,,,,,379,Positive,,"Social Owned,Coyotes Owned",,Coyotes Owned
1625,-1728563811,Arizona Coyotes,TextMention,3/13/21 20:00,Twitter,Arizona Coyotes,,Text,,17275,13,69,3,,,,,,,,,0,,,,,590,Positive,,"Social Owned,Coyotes Owned",,Coyotes Owned
1624,-2027613036,Arizona Coyotes,TextMention,3/13/21 20:00,Twitter,Arizona Coyotes,,Text,,125637,39,234,5,,,,,,,,,0,,,,,1701,Positive,,"Social Owned,Coyotes Owned",,Coyotes Owned
1623,127564428,Arizona Coyotes,TextMention,3/13/21 18:13,Twitter,Arizona Coyotes,,Video,,1598,2,26,2,,278,,,,,,,0,,,,,66,Objective,278,"Social Owned,Coyotes Owned,Gila River,Dignity Health,Mayo Clinic","Banner Health,Cintron World,Cox Communications,Dignity Health,Fry's,Gila River,Mayo Clinic,Mountain America Credit Union","Coyotes Owned,Gila River,Dignity Health,Mayo Clinic"
1622,1266437256,Arizona Coyotes,TextMention,3/13/21 15:24,Twitter,Arizona Coyotes,,Text,,8526,9,56,3,,,,,,,,,0,,,,,195,Positive,,"Social Owned,Coyotes Owned",,Coyotes Owned
1621,-1726805527,Arizona Coyotes,TextMention,3/13/21 23:45,Twitter,Arizona Coyotes,,Photo,,183122,198,1804,43,,,,,,,,,0,,,,,23512,Objective,,"Social Owned,Coyotes Owned",,Coyotes Owned
1620,-1493275716,Arizona Coyotes,TextMention,3/13/21 23:19,Twitter,Arizona Coyotes,,Photo,,46997,22,396,20,,,,,,,,,0,,,,,6315,Objective,,"Social Owned,Coyotes Owned",,Coyotes Owned
1619,490391712,Arizona Coyotes,TextMention,3/13/21 22:22,Twitter,Arizona Coyotes,,Photo,,21704,9,121,7,,,,,,,,,0,,,,,2242,Objective,,"Social Owned,Coyotes Owned",,Coyotes Owned
1618,117438170,Arizona Coyotes,TextMention,3/13/21 22:19,Twitter,Arizona Coyotes,,Photo,,44529,21,180,8,,,,,,,,,0,,,,,5370,Objective,,"Social Owned,Coyotes Owned",,Coyotes Owned
1617,64900905,Arizona Coyotes,TextMention,3/12/21 21:36,Twitter,Arizona Coyotes,,Photo,,17542,4,154,0,,,,,,,,,0,,,,,1418,Objective,,"Social Owned,Coyotes Owned",Gila River,Coyotes Owned
1616,-1150482590,Arizona Coyotes,TextMention,3/12/21 19:48,Twitter,Arizona Coyotes,,Text,,43676,25,362,6,,,,,,,,,0,,,,,630,Negative,,"Social Owned,Coyotes Owned",,Coyotes Owned
1615,-1419557950,Arizona Coyotes,TextMention,3/12/21 15:22,Twitter,Arizona Coyotes,,Photo,,22301,16,262,1,,,,,,,,,0,,,,,556,Positive,,"Social Owned,Coyotes Owned",,Coyotes Owned
1614,-2059677326,Arizona Coyotes,TextMention,3/12/21 23:16,Twitter,Arizona Coyotes,,Photo,,18125,14,205,2,,,,,,,,,0,,,,,796,Positive,,"Social Owned,Coyotes Owned",,Coyotes Owned
1613,-2144163626,Arizona Coyotes,TextMention,3/11/21 18:32,Twitter,Arizona Coyotes,,Text,,,0,0,0,,,,,,,,,0,,,,,0,Positive,,"Social Owned,Coyotes Owned",,Coyotes Owned
1612,180953592,Arizona Coyotes,TextMention,3/11/21 15:32,Twitter,Arizona Coyotes,,Photo,,12408,23,222,2,,,,,,,,,0,,,,,449,Objective,,"Social Owned,Coyotes Owned",,Coyotes Owned
1611,-831949704,Arizona Coyotes,TextMention,3/11/21 1:28,Twitter,Arizona Coyotes,,Text,,22005,34,241,2,,,,,,,,,0,,,,,1030,Positive,,"Social Owned,Coyotes Owned",,Coyotes Owned
1610,-1127690570,Arizona Coyotes,TextMention,3/10/21 20:55,Twitter,Arizona Coyotes,,Photo,,19483,17,167,3,,,,,,,,,0,,,,,1639,Objective,,"Social Owned,Coyotes Owned",Fry's,Coyotes Owned
1609,-1613187318,Arizona Coyotes,TextMention,3/10/21 16:24,Twitter,Arizona Coyotes,,Text,,7540,7,59,1,,,,,,,,,0,,,,,252,Positive,,"Social Owned,Coyotes Owned",,Coyotes Owned
1608,1349324376,Arizona Coyotes,TextMention,3/10/21 15:48,Twitter,Arizona Coyotes,,Photo,,11026,10,131,0,,,,,,,,,0,,,,,819,Positive,,"Social Owned,Coyotes Owned",,Coyotes Owned
1607,72394891,Arizona Coyotes,TextMention,3/10/21 0:11,Twitter,Arizona Coyotes,,Photo,,26256,12,200,3,,,,,,,,,0,,,,,2630,Objective,,"Social Owned,Coyotes Owned",,Coyotes Owned
1606,1544247984,Arizona Coyotes,TextMention,3/1/21 20:14,Twitter,Arizona Coyotes,,Photo,,26836,18,246,4,,,,,,,,,0,,,,,1020,Positive,,"Social Owned,Coyotes Owned",Gila River,Coyotes Owned
1605,1650929651,Arizona Coyotes,TextMention,3/1/21 5:56,Twitter,Arizona Coyotes,,Text,,,0,0,0,,,,,,,,,0,,,,,0,Positive,,"Social Owned,Coyotes Owned",,Coyotes Owned
1604,1810374126,Arizona Coyotes,TextMention,3/1/21 16:34,Twitter,Arizona Coyotes,,Photo,,14342,11,165,6,,,,,,,,,0,,,,,1669,Objective,,"Social Owned,Coyotes Owned",,Coyotes Owned
1603,-1698666697,Arizona Coyotes,TextMention,3/1/21 23:13,YouTube,Arizona Coyotes,"Arizona Coyotes Introduce 2021 First Round Draft Choice Dylan Guenther Dylan Guenther was the ninth overall draft choice in the 2021 NHL Draft by the Arizona Coyotes. On August 30, 2021, the organization officially signed him to a three-year deal.   Hear from Guenther and GM Bill Armstrong speak to the media about what his signing means for the club.   #ArizonaCoyotes #Coyotes #Yotes #NHL #Hockey   Subscribe to the Arizona Coyotes YT Channel: youtube.com/c/ArizonaCoyotes/?sub_confirmation=1 For more Coyotes videos: https://www.youtube.com/c/ArizonaCoyotes/  Get the App: https://apple.co/3jxC1su For more Coyotes action: http://www.arizonacoyotes.com Sign up for our newsletter: https://www.nhl.com/coyotes/fans/email/ Like us on Facebook: https://www.facebook.com/ArizonaCoyotes Follow us on Twitter: https://twitter.com/ArizonaCoyotes Follow us on Instagram: https://www.instagram.com/arizonacoyo...",Video,https://www.youtube.com/watch?v=NPJDOeeis9E,170,,20,,0,170,,,,,,,0,,,,,21,Positive,170,"Social Owned,Coyotes Owned",,Coyotes Owned
1602,-553055694,Arizona Coyotes,TextMention,3/1/21 22:27,Twitter,Arizona Coyotes,,Photo,,32062,12,195,1,,,,,,,,,0,,,,,1531,Positive,,"Social Owned,Coyotes Owned",Gila River,Coyotes Owned
1601,-570685446,Arizona Coyotes,TextMention,2/9/21 20:02,Instagram,Arizona Coyotes,Is it September yet?,Photo,https://www.instagram.com/p/CSXchpJpKa8/,,,462,,14,,,,,,,,0,,,,,476,Objective,,"Social Owned,Coyotes Owned",,Coyotes Owned
1600,431949258,Arizona Coyotes,TextMention,2/9/21 20:01,Instagram Story,Arizona Coyotes,@JAKOBCHYCHRUN,Photo,https://media.zoomph.com/instagram/17841401433554181/17925999727731895,,,0,,0,,,,,,,,0,,,,,0,Objective,,"Social Owned,Coyotes Owned",,Coyotes Owned
1599,-1349492865,Arizona Coyotes,TextMention,2/9/21 20:00,Facebook,Arizona Coyotes,Mark your calendars. üìÖ  Our preseason schedule is officially here!,Photo,http://www.facebook.com/permalink.php?id=91742120782&v=wall&story_fbid=10159099687360783,,,13,,0,,2,1,0,0,0,0,0,,,,,16,Objective,,"Social Owned,Coyotes Owned",,Coyotes Owned
1598,1971612034,Arizona Coyotes,TextMention,2/9/21 20:00,Twitter,Arizona Coyotes,,Text,,,0,0,0,,,,,,,,,0,,,,,0,Objective,,"Social Owned,Coyotes Owned",,Coyotes Owned
1597,-36992738,Arizona Coyotes,TextMention,2/9/21 16:39,Facebook,Arizona Coyotes,Coyotes Hockey Development recently traveled to New Mexico to host a series of free hockey clinics in Rio Rancho and Santa Fe to boost youth hockey participation.,Video,http://www.facebook.com/permalink.php?id=91742120782&v=wall&story_fbid=10159099357600783,,,5,,0,,0,1,0,0,0,0,0,,,,,6,Positive,,"Social Owned,Coyotes Owned",,Coyotes Owned
1596,1472424618,Arizona Coyotes,TextMention,2/9/21 16:35,YouTube,Arizona Coyotes,Arizona Coyotes Visit New Mexico for Hockey Development Clinics The Arizona Coyotes Hockey Development Team recently traveled to New Mexico to host a series of hockey clinics to boost youth hockey participation.  #ArizonaCoyotes #Coyotes #Yotes #NHL #Hockey   Subscribe to the Arizona Coyotes YT Channel: youtube.com/c/ArizonaCoyotes/?sub_confirmation=1 For more Coyotes videos: https://www.youtube.com/c/ArizonaCoyotes/  Get the App: https://apple.co/3jxC1su For more Coyotes action: http://www.arizonacoyotes.com Sign up for our newsletter: https://www.nhl.com/coyotes/fans/email/ Like us on Facebook: https://www.facebook.com/ArizonaCoyotes Follow us on Twitter: https://twitter.com/ArizonaCoyotes Follow us on Instagram: https://www.instagram.com/arizonacoyo...,Video,https://www.youtube.com/watch?v=aoz81KBBtj8,16,,3,,0,16,,,,,,,0,,,,,3,Positive,16,"Social Owned,Coyotes Owned",,Coyotes Owned
1595,1905160959,Arizona Coyotes,TextMention,2/9/21 16:33,Twitter,Arizona Coyotes,,Video,,,0,0,0,,,,,,,,,0,,,,,0,Positive,,"Social Owned,Coyotes Owned",,Coyotes Owned
1594,437892288,Arizona Coyotes,TextMention,2/8/21 21:53,Facebook,Arizona Coyotes,Visiting the Phoenix Zoo?  Make sure to visit our friends Zoltan and Hilda at the Coyote exhibit. You may see Howler too! üòä,Photo,http://www.facebook.com/permalink.php?id=91742120782&v=wall&story_fbid=10159097975660783,,,28,,0,,13,3,0,0,0,0,0,,,,,44,Positive,,"Social Owned,Coyotes Owned",,Coyotes Owned
1593,799885848,Arizona Coyotes,TextMention,2/8/21 21:47,Twitter,Arizona Coyotes,,Text,,,0,0,0,,,,,,,,,0,,,,,0,Positive,,"Social Owned,Coyotes Owned",,Coyotes Owned
1592,-839772006,Arizona Coyotes,TextMention,2/7/21 16:41,Facebook,Arizona Coyotes,"Beat the heat. Let's play hockey. üè≥Ô∏è‚Äçüåà  We're excited to launch our first LGBTQIA+ adult-learn-to-play hockey program, specifically designed to provide a safe and inclusive environment for the LGBTQIA+ community and its allies.",Photo,http://www.facebook.com/permalink.php?id=91742120782&v=wall&story_fbid=10159095377040783,,,21,,3,,3,1,0,4,0,0,0,,,,,32,Positive,,"Social Owned,Coyotes Owned",,Coyotes Owned
1591,529241176,Arizona Coyotes,TextMention,2/7/21 15:02,Twitter,Arizona Coyotes,,Text,,,0,0,0,,,,,,,,,0,,,,,0,Positive,,"Social Owned,Coyotes Owned",,Coyotes Owned
1590,1748352694,Arizona Coyotes,TextMention,2/6/21 21:38,Twitter,Arizona Coyotes,,Text,,,0,0,0,,,,,,,,,0,,,,,0,Objective,,"Social Owned,Coyotes Owned",,Coyotes Owned
1589,-1081461876,Arizona Coyotes,TextMention,2/6/21 17:08,Facebook,Arizona Coyotes,Official: GM Bill Armstrong has named Larry Pleau as his Senior Advisor.,Photo,http://www.facebook.com/permalink.php?id=91742120782&v=wall&story_fbid=10159093556735783,,,0,,0,,0,0,0,0,0,0,0,,,,,0,Objective,,"Social Owned,Coyotes Owned",,Coyotes Owned
1588,-1335895837,Arizona Coyotes,TextMention,2/6/21 17:06,Twitter,Arizona Coyotes,,Text,,,0,0,0,,,,,,,,,0,,,,,0,Positive,,"Social Owned,Coyotes Owned",,Coyotes Owned
1587,-812332912,Arizona Coyotes,TextMention,2/6/21 17:05,Twitter,Arizona Coyotes,,Text,,,0,0,0,,,,,,,,,0,,,,,0,Objective,,"Social Owned,Coyotes Owned",,Coyotes Owned
1586,-1142992651,Arizona Coyotes,TextMention,2/6/21 22:21,Instagram,Arizona Coyotes,"Done deals. ‚úîÔ∏è   Welcome to the family, @ctimmins21 and @bokojr.",Video,https://www.instagram.com/p/CSP-Eg1phgc/,,,385,,10,,,,,,,,0,,,,,395,Positive,,"Social Owned,Coyotes Owned",,Coyotes Owned
1585,-1525249592,Arizona Coyotes,TextMention,2/6/21 22:14,Instagram Story,Arizona Coyotes,@BOKOJR,Video,https://media.zoomph.com/instagram/17841401433554181/18162962872199492,,,0,,0,,,,,,,,0,,,,,0,Objective,,"Social Owned,Coyotes Owned",,Coyotes Owned
1584,-412366908,Arizona Coyotes,TextMention,2/6/21 22:11,Instagram Story,Arizona Coyotes,,Video,https://media.zoomph.com/instagram/17841401433554181/17907043649023308,,,0,,0,,,,,,,,0,,,,,0,Objective,,"Social Owned,Coyotes Owned",,Coyotes Owned
1583,-1959498506,Arizona Coyotes,TextMention,2/6/21 22:09,Facebook,Arizona Coyotes,Official: We've signed defenseman Conor Timmins to a two-year contract.,Photo,http://www.facebook.com/permalink.php?id=91742120782&v=wall&story_fbid=10159094022460783,,,4,,0,,0,0,0,0,0,0,0,,,,,4,Objective,,"Social Owned,Coyotes Owned",,Coyotes Owned
1582,-731830739,Arizona Coyotes,TextMention,2/6/21 22:01,Twitter,Arizona Coyotes,,Text,,,0,0,0,,,,,,,,,0,,,,,0,Objective,,"Social Owned,Coyotes Owned",,Coyotes Owned
1581,-1665063162,Arizona Coyotes,TextMention,2/5/21 21:40,Twitter,Arizona Coyotes,,Text,,,0,0,0,,,,,,,,,0,,,,,0,Positive,,"Social Owned,Coyotes Owned",,Coyotes Owned
1580,-1674521461,Arizona Coyotes,TextMention,2/5/21 18:05,Twitter,Arizona Coyotes,,Video,,,0,0,0,,,,,,,,,0,,,,,0,Positive,,"Social Owned,Coyotes Owned",Gila River,Coyotes Owned
1579,10152316,Arizona Coyotes,TextMention,2/5/21 17:53,Facebook,Arizona Coyotes,Think you have what it takes to be part of our in-arena host team? üéô  We‚Äôre looking for additional hosts for the 2021-22 season! Deadline to apply is August 27.   Details: arizonacoyotes.com/hostauditions,Photo,http://www.facebook.com/permalink.php?id=91742120782&v=wall&story_fbid=10159091562495783,,,6,,2,,0,0,0,0,0,0,0,,,,,8,Positive,,"Social Owned,Coyotes Owned",,Coyotes Owned
1578,966045752,Arizona Coyotes,TextMention,2/5/21 17:49,Instagram,Arizona Coyotes,Think you have what it takes to be part of our in-arena host team? üé§  We‚Äôre looking for additional hosts for the 2021-22 season! Deadline to apply is August 27. Head to our story to apply!,Photo,https://www.instagram.com/p/CSM6MolldVM/,,,463,,12,,,,,,,,0,,,,,475,Positive,,"Social Owned,Coyotes Owned",,Coyotes Owned
1577,-1075552898,Arizona Coyotes,TextMention,2/5/21 17:13,Instagram Story,Arizona Coyotes,,Photo,https://media.zoomph.com/instagram/17841401433554181/17917176349861338,,,0,,0,,,,,,,,0,,,,,0,Objective,,"Social Owned,Coyotes Owned",,Coyotes Owned
1576,-1730058191,Arizona Coyotes,TextMention,2/5/21 17:09,Twitter,Arizona Coyotes,,Photo,,,0,0,0,,,,,,,,,0,,,,,0,Positive,,"Social Owned,Coyotes Owned",,Coyotes Owned
1575,1678272072,Arizona Coyotes,TextMention,2/5/21 3:26,Twitter,Arizona Coyotes,,Photo,,,0,0,0,,,,,,,,,0,,,,,0,Positive,,"Social Owned,Coyotes Owned",,Coyotes Owned
1574,682155072,Arizona Coyotes,TextMention,2/4/21 21:15,Instagram,Arizona Coyotes,Up in the gym just working on our fitness. üí™,Photo,https://www.instagram.com/p/CSKs3cypVDg/,,,568,,5,,,,,,,,0,,,,,573,Objective,,"Social Owned,Coyotes Owned",,Coyotes Owned
1573,13491643,Arizona Coyotes,TextMention,2/4/21 17:56,Facebook,Arizona Coyotes,üé• Shane Doan and Josh Doan joined SportsNation to chat about this year's NHL Draft experience and Josh coming home to the desert. üåµ,Video,http://www.facebook.com/permalink.php?id=91742120782&v=wall&story_fbid=10159089652835783,,,12,,0,,2,0,0,1,0,0,0,,,,,15,Positive,,"Social Owned,Coyotes Owned",,Coyotes Owned
1572,-375634967,Arizona Coyotes,TextMention,2/4/21 17:51,Twitter,Arizona Coyotes,,Video,,,0,0,0,,,,,,,,,0,,,,,0,Positive,,"Social Owned,Coyotes Owned",,Coyotes Owned
1571,1287673160,Arizona Coyotes,TextMention,2/31/2021  8:54:08 PM,Twitter,Arizona Coyotes,,Photo,,22787,16,290,3,,,,,,,,,0,,,,,1936,Positive,,"Social Owned,Coyotes Owned",,Coyotes Owned
1570,718802490,Arizona Coyotes,TextMention,2/31/2021  4:33:38 PM,Twitter,Arizona Coyotes,,Video,,11787,17,236,11,,5016,,,,,,,0,,,,,695,Objective,5016,"Social Owned,Coyotes Owned",,Coyotes Owned
1569,694184886,Arizona Coyotes,TextMention,2/31/2021  1:05:59 AM,Twitter,Arizona Coyotes,,Photo,,,0,0,0,,,,,,,,,0,,,,,0,Positive,,"Social Owned,Coyotes Owned",,Coyotes Owned
1568,-797699306,Arizona Coyotes,TextMention,2/31/2021  10:25:18 PM,Twitter,Arizona Coyotes,,Photo,,145224,80,1252,45,,,,,,,,,0,,,,,10666,Objective,,"Social Owned,Coyotes Owned",,Coyotes Owned
1567,-660242021,Arizona Coyotes,TextMention,2/30/2021  9:15:36 PM,Twitter,Arizona Coyotes,,Text,,114316,100,728,25,,,,,,,,,0,,,,,3398,Objective,,"Social Owned,Coyotes Owned",,Coyotes Owned
1566,507141835,Arizona Coyotes,TextMention,2/30/2021  6:02:33 PM,Twitter,Arizona Coyotes,,Photo,,3542,8,67,1,,,,,,,,,0,,,,,226,Objective,,"Social Owned,Coyotes Owned",,Coyotes Owned
1565,2024165671,Arizona Coyotes,TextMention,2/30/2021  11:35:07 PM,Twitter,Arizona Coyotes,,Photo,,57179,54,575,16,,,,,,,,,0,,,,,8139,Positive,,"Social Owned,Coyotes Owned",,Coyotes Owned
1564,-1912398282,Arizona Coyotes,TextMention,2/30/2021  10:18:14 PM,Twitter,Arizona Coyotes,,Video,,29339,31,320,7,,7349,,,,,,,0,,,,,1792,Positive,7349,"Social Owned,Coyotes Owned",,Coyotes Owned
1563,1221422129,Arizona Coyotes,TextMention,2/3/21 21:57,Twitter,Arizona Coyotes,,Video,,,0,0,0,,,,,,,,,0,,,,,0,Objective,,"Social Owned,Coyotes Owned,Enterprise",Enterprise,"Coyotes Owned,Enterprise"
1562,-1637517129,Arizona Coyotes,TextMention,2/3/21 21:53,YouTube,Arizona Coyotes,"Top Play Tuesday | Arizona Coyotes First Round Draft Pick Dylan Guenther Goals from WHL The Arizona Coyotes drafted forward Dylan Guenther ninth overall in the 2021 NHL Draft. Guenther previously played for the WHL's Edmonton Oil Kings. During the 2019-20 season, he played in 58 games, tallied 26 goals and notched 33 assists.   #ArizonaCoyotes #Coyotes #Yotes #NHL #Hockey   Subscribe to the Arizona Coyotes YT Channel: youtube.com/c/ArizonaCoyotes/?sub_confirmation=1 For more Coyotes videos: https://www.youtube.com/c/ArizonaCoyotes/  Get the App: https://apple.co/3jxC1su For more Coyotes action: http://www.arizonacoyotes.com Sign up for our newsletter: https://www.nhl.com/coyotes/fans/email/ Like us on Facebook: https://www.facebook.com/ArizonaCoyotes Follow us on Twitter: https://twitter.com/ArizonaCoyotes Follow us on Instagram: https://www.instagram.com/arizonacoyo...",Video,https://www.youtube.com/watch?v=_zYbrKUGdmE,19,,5,,0,19,,,,,,,0,,,,,5,Positive,19,"Social Owned,Coyotes Owned",,Coyotes Owned
1561,-529330846,Arizona Coyotes,TextMention,2/3/21 21:07,Instagram Story,Arizona Coyotes,Where is Liam from?,Photo,https://media.zoomph.com/instagram/17841401433554181/17954866063481288,,,0,,0,,,,,,,,0,,,,,0,Objective,,"Social Owned,Coyotes Owned",,Coyotes Owned
1560,1202072148,Arizona Coyotes,TextMention,2/3/21 21:04,Instagram Story,Arizona Coyotes,Which year did the Coyotes select Kirk in the NHL Entry Draft?,Photo,https://media.zoomph.com/instagram/17841401433554181/17967804700430646,,,0,,0,,,,,,,,0,,,,,0,Objective,,"Social Owned,Coyotes Owned",,Coyotes Owned
1559,-622617640,Arizona Coyotes,TextMention,2/3/21 21:03,Instagram Story,Arizona Coyotes,Which OHL team did Liam play for in 2018-19 and 2019-20?,Photo,https://media.zoomph.com/instagram/17841401433554181/17896852982189690,,,0,,0,,,,,,,,0,,,,,0,Positive,,"Social Owned,Coyotes Owned",,Coyotes Owned
1558,1922435573,Arizona Coyotes,TextMention,2/3/21 21:00,Instagram Story,Arizona Coyotes,How many goals did Kirk score in the 2021 IIHF World Championship for Great Britain?,Photo,https://media.zoomph.com/instagram/17841401433554181/17850699200622899,,,0,,0,,,,,,,,0,,,,,0,Positive,,"Social Owned,Coyotes Owned",,Coyotes Owned
1557,-392850129,Arizona Coyotes,TextMention,2/3/21 20:59,Instagram Story,Arizona Coyotes,@KIRKY1424,Photo,https://media.zoomph.com/instagram/17841401433554181/18084119482280384,,,0,,0,,,,,,,,0,,,,,0,Objective,,"Social Owned,Coyotes Owned",,Coyotes Owned
1556,-651242842,Arizona Coyotes,TextMention,2/3/21 17:15,Twitter,Arizona Coyotes,,Text,,16373,9,71,8,,,,,,,,,0,,,,,835,Positive,,"Social Owned,Coyotes Owned",,Coyotes Owned
1555,598916253,Arizona Coyotes,TextMention,2/3/21 23:01,Instagram Story,Arizona Coyotes,,Photo,https://media.zoomph.com/instagram/17841401433554181/17857528886564795,,,0,,0,,,,,,,,0,,,,,0,Objective,,"Social Owned,Coyotes Owned",,Coyotes Owned
1554,-761778542,Arizona Coyotes,TextMention,2/3/21 23:01,Instagram,Arizona Coyotes,"We‚Äôve signed center Travis Boyd to a one-year contract. Welcome to Arizona, Travis! üåµ",Video,https://www.instagram.com/p/CSIUMpQpG0J/,,,404,,18,,,,,,,,0,,,,,422,Positive,,"Social Owned,Coyotes Owned",,Coyotes Owned
1553,-1304750435,Arizona Coyotes,TextMention,2/3/21 23:00,Facebook,Arizona Coyotes,Official: We've signed center Travis Boyd to a one-year contract.,Photo,http://www.facebook.com/permalink.php?id=91742120782&v=wall&story_fbid=10159088240255783,,,20,,1,,0,1,0,0,0,0,0,,,,,22,Objective,,"Social Owned,Coyotes Owned",,Coyotes Owned
1552,1685188956,Arizona Coyotes,TextMention,2/3/21 23:00,Twitter,Arizona Coyotes,,Text,,,0,0,0,,,,,,,,,0,,,,,0,Objective,,"Social Owned,Coyotes Owned",,Coyotes Owned
1551,-2027917136,Arizona Coyotes,TextMention,2/28/21 0:48,Twitter,Arizona Coyotes,,Video,,12318,5,92,0,,2639,,,,,,,0,,,,,471,Positive,2639,"Social Owned,Coyotes Owned",,Coyotes Owned
1550,1605292090,Arizona Coyotes,TextMention,2/28/21 0:20,YouTube,Arizona Coyotes,Arizona Coyotes Install Ice for 2021-22 Season Watch the ice be installed and painted at Gila River Arena ahead of the 2021-22 season.   #ArizonaCoyotes #Coyotes #Yotes #NHL #Hockey   Subscribe to the Arizona Coyotes YT Channel: youtube.com/c/ArizonaCoyotes/?sub_confirmation=1 For more Coyotes videos: https://www.youtube.com/c/ArizonaCoyotes/  Get the App: https://apple.co/3jxC1su For more Coyotes action: http://www.arizonacoyotes.com Sign up for our newsletter: https://www.nhl.com/coyotes/fans/email/ Like us on Facebook: https://www.facebook.com/ArizonaCoyotes Follow us on Twitter: https://twitter.com/ArizonaCoyotes Follow us on Instagram: https://www.instagram.com/arizonacoyo...,Video,https://www.youtube.com/watch?v=c_O20O08kHQ,234,,30,,0,234,,,,,,,0,,,,,30,Positive,234,"Social Owned,Coyotes Owned,Gila River",,"Coyotes Owned,Gila River"
1549,-1925617448,Arizona Coyotes,TextMention,2/27/21 16:41,Twitter,Arizona Coyotes,,Video,,,0,0,0,,,,,,,,,0,,,,,0,Objective,,"Social Owned,Coyotes Owned,Pepsi,Geico,Dignity Health,Enterprise,Dos Equis,Mayo Clinic","Blue Cross Blue Shield,Cintron World,Cox Communications,Dignity Health,Dos Equis,Enterprise,Fry's,Geico,Gila River,Mayo Clinic,Mountain America Credit Union,Pepsi","Coyotes Owned,Pepsi,Geico,Dignity Health,Enterprise,Dos Equis,Mayo Clinic"
1548,1938420428,Arizona Coyotes,TextMention,2/26/21 18:37,Twitter,Arizona Coyotes,,Video,,,0,0,0,,,,,,,,,0,,,,,0,Objective,,"Social Owned,Coyotes Owned,Dignity Health,Enterprise","Cintron World,Cox Communications,Dignity Health,Enterprise,Fry's,Gila River,Mountain America Credit Union","Coyotes Owned,Dignity Health,Enterprise"
1547,1465486216,Arizona Coyotes,TextMention,2/26/21 18:00,Twitter,Arizona Coyotes,,Photo,,2827,1,31,0,,,,,,,,,0,,,,,176,Positive,,"Social Owned,Coyotes Owned",,Coyotes Owned
1546,135412003,Arizona Coyotes,TextMention,2/26/21 16:48,Twitter,Arizona Coyotes,,Text,,108,0,3,0,,,,,,,,,0,,,,,5,Positive,,"Social Owned,Coyotes Owned",,Coyotes Owned
1545,-1951901953,Arizona Coyotes,TextMention,2/26/21 16:27,Twitter,Arizona Coyotes,,Photo,,9111,2,95,2,,,,,,,,,0,,,,,329,Objective,,"Social Owned,Coyotes Owned",,Coyotes Owned
1544,1612010430,Arizona Coyotes,TextMention,2/26/21 16:27,Twitter,Arizona Coyotes,,Photo,,13881,15,194,7,,,,,,,,,0,,,,,860,Positive,,"Social Owned,Coyotes Owned",,Coyotes Owned
1543,-2144689330,Arizona Coyotes,TextMention,2/26/21 22:28,Twitter,Arizona Coyotes,,Text,,51743,82,939,31,,,,,,,,,0,,,,,3622,Objective,,"Social Owned,Coyotes Owned",,Coyotes Owned
1542,1022786416,Arizona Coyotes,TextMention,2/25/21 18:39,Twitter,Arizona Coyotes,,Photo,,,0,0,0,,,,,,,,,0,,,,,0,Objective,,"Social Owned,Coyotes Owned",,Coyotes Owned
1541,1178023670,Arizona Coyotes,TextMention,2/25/21 17:54,Twitter,Arizona Coyotes,,Photo,,8080,6,151,14,,,,,,,,,0,,,,,1421,Objective,,"Social Owned,Coyotes Owned",,Coyotes Owned
1540,-750199939,Arizona Coyotes,TextMention,2/25/21 15:49,Twitter,Arizona Coyotes,,Photo,,11364,6,72,4,,,,,,,,,0,,,,,1005,Objective,,"Social Owned,Coyotes Owned",,Coyotes Owned
1539,1356384218,Arizona Coyotes,TextMention,2/25/21 23:45,Twitter,Arizona Coyotes,,Photo,,54527,71,706,21,,,,,,,,,0,,,,,9498,Objective,,"Social Owned,Coyotes Owned",Gila River,Coyotes Owned
1538,-594376890,Arizona Coyotes,TextMention,2/25/21 23:44,Twitter,Arizona Coyotes,,Photo,,393159,125,1597,131,,,,,,,,,0,,,,,31765,Positive,,"Social Owned,Coyotes Owned,Pepsi,Dignity Health,Mayo Clinic","Blue Cross Blue Shield,Dignity Health,Fry's,Gila River,Mayo Clinic,Pepsi","Coyotes Owned,Pepsi,Dignity Health,Mayo Clinic"
1537,645279610,Arizona Coyotes,TextMention,2/24/21 16:20,Twitter,Arizona Coyotes,,Photo,,13798,9,145,5,,,,,,,,,0,,,,,1165,Positive,,"Social Owned,Coyotes Owned",,Coyotes Owned
1536,33318338,Arizona Coyotes,TextMention,2/23/21 17:54,YouTube,Arizona Coyotes,"Small Frys Hockey Mic'd Up | Arizona Coyotes ""Get up! Get up! We're going on the ice!""   We recently tagged along to a session of Small Frys, our girl's youth hockey learn to play program.   If you're interested in learning more about Small Frys and other youth hockey programs in Arizona, visit: youth.arizonacoyotes.com  #ArizonaCoyotes #Coyotes #Yotes #NHL #Hockey   Subscribe to the Arizona Coyotes YT Channel: youtube.com/c/ArizonaCoyotes/?sub_confirmation=1 For more Coyotes videos: https://www.youtube.com/c/ArizonaCoyotes/  Get the App: https://apple.co/3jxC1su For more Coyotes action: http://www.arizonacoyotes.com Sign up for our newsletter: https://www.nhl.com/coyotes/fans/email/ Like us on Facebook: https://www.facebook.com/ArizonaCoyotes Follow us on Twitter: https://twitter.com/ArizonaCoyotes Follow us on Instagram: https://www.instagram.com/arizonacoyo...",Video,https://www.youtube.com/watch?v=a_Ni3D55RF4,17,,4,,0,17,,,,,,,0,,,,,4,Positive,17,"Social Owned,Coyotes Owned,Fry's",,"Coyotes Owned,Fry's"
1535,-1373166762,Arizona Coyotes,TextMention,2/21/21 16:32,Twitter,Arizona Coyotes,,Video,,11791,10,92,1,,2218,,,,,,,0,,,,,420,Objective,2218,"Social Owned,Coyotes Owned,Dignity Health","Dignity Health,George Brazil,Mountain America Credit Union","Coyotes Owned,Dignity Health"
1534,-1488805342,Arizona Coyotes,TextMention,2/2/21 21:32,Instagram,Arizona Coyotes,"Official: We‚Äôve signed defenseman Cam Dineen, defenseman Dysin Mayo and forward Blake Speers. üåµ",Video,https://www.instagram.com/p/CSFlPV1JeC9/,,,266,,8,,,,,,,,0,,,,,274,Objective,,"Social Owned,Coyotes Owned",,Coyotes Owned
1533,-1280499433,Arizona Coyotes,TextMention,2/2/21 21:31,Instagram Story,Arizona Coyotes,@BSPEERS18  @ROADRUNNERSAHL,Photo,https://media.zoomph.com/instagram/17841401433554181/17897204201097352,,,0,,0,,,,,,,,0,,,,,0,Objective,,"Social Owned,Coyotes Owned",,Coyotes Owned
1532,-407221954,Arizona Coyotes,TextMention,2/2/21 21:30,Facebook,Arizona Coyotes,Official: We've signed forward Blake Speers to a one-year two-way contract.,Photo,http://www.facebook.com/permalink.php?id=91742120782&v=wall&story_fbid=10159086208700783,,,0,,0,,0,0,0,0,0,0,0,,,,,0,Objective,,"Social Owned,Coyotes Owned",,Coyotes Owned
1531,-1513144880,Arizona Coyotes,TextMention,2/2/21 21:30,Twitter,Arizona Coyotes,,Text,,,0,0,0,,,,,,,,,0,,,,,0,Objective,,"Social Owned,Coyotes Owned",,Coyotes Owned
1530,-1478507095,Arizona Coyotes,TextMention,2/2/21 21:16,Instagram Story,Arizona Coyotes,@ROADRUNNERSAHL  @DYSINMAYO,Photo,https://media.zoomph.com/instagram/17841401433554181/18008757169336933,,,0,,0,,,,,,,,0,,,,,0,Objective,,"Social Owned,Coyotes Owned",,Coyotes Owned
1529,-1862217912,Arizona Coyotes,TextMention,2/2/21 21:15,Facebook,Arizona Coyotes,News: We‚Äôve signed defenseman Dysin Mayo to a one-year two-way contract.,Photo,http://www.facebook.com/permalink.php?id=91742120782&v=wall&story_fbid=10159086175635783,,,5,,0,,0,1,0,0,0,0,0,,,,,6,Objective,,"Social Owned,Coyotes Owned",,Coyotes Owned
1528,-143257176,Arizona Coyotes,TextMention,2/2/21 21:15,Twitter,Arizona Coyotes,,Text,,,0,0,0,,,,,,,,,0,,,,,0,Objective,,"Social Owned,Coyotes Owned",,Coyotes Owned
1527,498055857,Arizona Coyotes,TextMention,2/2/21 21:01,Instagram Story,Arizona Coyotes,@CAMDINEEN44   @ROADRUNNERSAHL,Photo,https://media.zoomph.com/instagram/17841401433554181/17882916821436551,,,0,,0,,,,,,,,0,,,,,0,Objective,,"Social Owned,Coyotes Owned",,Coyotes Owned
1526,-249699646,Arizona Coyotes,TextMention,2/2/21 21:00,Facebook,Arizona Coyotes,Official: We‚Äôve signed defenseman Cam Dineen to a one-year two-way contract.,Photo,http://www.facebook.com/permalink.php?id=91742120782&v=wall&story_fbid=10159086149140783,,,1,,0,,0,0,0,0,0,0,0,,,,,1,Objective,,"Social Owned,Coyotes Owned",,Coyotes Owned
1525,322861899,Arizona Coyotes,TextMention,2/2/21 21:00,Twitter,Arizona Coyotes,,Text,,,0,0,0,,,,,,,,,0,,,,,0,Objective,,"Social Owned,Coyotes Owned",,Coyotes Owned
1524,-1086156453,Arizona Coyotes,TextMention,2/2/21 18:43,Twitter,Arizona Coyotes,,Text,,,0,0,0,,,,,,,,,0,,,,,0,Positive,,"Social Owned,Coyotes Owned",,Coyotes Owned
1523,762939102,Arizona Coyotes,TextMention,2/19/21 22:45,Twitter,Arizona Coyotes,,Text,,344689,174,874,231,,,,,,,,,0,,,,,48463,Objective,,"Social Owned,Coyotes Owned",,Coyotes Owned
1522,-1313303473,Arizona Coyotes,TextMention,2/18/21 17:04,Instagram Story,Arizona Coyotes,,Photo,https://media.zoomph.com/instagram/17841401433554181/17896757003202194,,,0,,0,,,,,,,,0,,,,,0,Objective,,"Social Owned,Coyotes Owned",Gila River,Coyotes Owned
1521,-444926699,Arizona Coyotes,TextMention,2/18/21 17:03,Facebook,Arizona Coyotes,The Rookie Faceoff Tournament is coming to the desert. üèíDetails and tickets: arizonacoyotes.com/rookiefaceoff,Photo,http://www.facebook.com/permalink.php?id=91742120782&v=wall&story_fbid=10159117531585783,0,,75,,9,0,3,10,0,0,0,0,0,,,,,97,Objective,0,"Social Owned,Coyotes Owned",Gila River,Coyotes Owned
1520,-198499978,Arizona Coyotes,TextMention,2/18/21 17:00,Twitter,Arizona Coyotes,,Text,,16781,22,78,5,,,,,,,,,0,,,,,567,Objective,,"Social Owned,Coyotes Owned",,Coyotes Owned
1519,-1479787824,Arizona Coyotes,TextMention,2/18/21 22:34,Twitter,Arizona Coyotes,,Text,,1193,0,8,0,,,,,,,,,0,,,,,22,Objective,,"Social Owned,Coyotes Owned",,Coyotes Owned
1518,-29421262,Arizona Coyotes,TextMention,2/17/21 16:30,Instagram,Arizona Coyotes,New guys. New numbers. üî¢,Photo,https://www.instagram.com/p/CSrqpdvJE1Z/,,,496,,25,,,,,,,,0,,,,,521,Objective,,"Social Owned,Coyotes Owned",,Coyotes Owned
1517,422274025,Arizona Coyotes,TextMention,2/17/21 16:24,Twitter,Arizona Coyotes,,Photo,,,0,0,0,,,,,,,,,0,,,,,0,Objective,,"Social Owned,Coyotes Owned",,Coyotes Owned
1516,-803521880,Arizona Coyotes,TextMention,2/17/21 16:24,Facebook,Arizona Coyotes,New guys. New numbers. üî¢,Photo,http://www.facebook.com/permalink.php?id=91742120782&v=wall&story_fbid=10159115516035783,,,53,,8,,1,3,0,0,0,0,0,,,,,65,Objective,,"Social Owned,Coyotes Owned",,Coyotes Owned
1515,506243614,Arizona Coyotes,TextMention,2/17/21 23:54,Facebook,Arizona Coyotes,Tuesdays at the rink. üèí,Photo,http://www.facebook.com/permalink.php?id=91742120782&v=wall&story_fbid=10159116374735783,17315,,260,,7,0,37,7,0,0,0,0,0,,,,,311,Objective,0,"Social Owned,Coyotes Owned",,Coyotes Owned
1514,1713788866,Arizona Coyotes,TextMention,2/17/21 23:45,Instagram,Arizona Coyotes,Tuesdays at the rink. üòÅ,Photo,https://www.instagram.com/p/CSscX9cFSHd/,32382,,3010,,32,0,,,,,,,0,,,,,3071,Objective,0,"Social Owned,Coyotes Owned",,Coyotes Owned
1513,-1341085346,Arizona Coyotes,TextMention,2/17/21 23:01,Twitter,Arizona Coyotes,,Photo,,32472,15,183,4,,,,,,,,,0,,,,,2657,Objective,,"Social Owned,Coyotes Owned",,Coyotes Owned
1512,-1134892805,Arizona Coyotes,TextMention,2/16/21 17:18,Instagram,Arizona Coyotes,Main character energy.,Photo,https://www.instagram.com/p/CSpLXUOpafe/,,,179,,5,,,,,,,,0,,,,,184,Objective,,"Social Owned,Coyotes Owned",,Coyotes Owned
1511,-507089702,Arizona Coyotes,TextMention,2/16/21 17:08,Twitter,Arizona Coyotes,,Text,,,0,0,0,,,,,,,,,0,,,,,0,Objective,,"Social Owned,Coyotes Owned",,Coyotes Owned
1510,-155755847,Arizona Coyotes,TextMention,2/14/21 16:18,Instagram,Arizona Coyotes,"It‚Äôs official. Welcome to the desert, @janisjeromemoser90! üåµ",Video,https://www.instagram.com/p/CSj6zUDF_Ce/,0,,429,,12,709,,,,,,,0,,,,,286,Positive,709,"Social Owned,Coyotes Owned",,Coyotes Owned
1509,-466880709,Arizona Coyotes,TextMention,2/14/21 16:14,Instagram Story,Arizona Coyotes,@JANISJEROMEMOSER90,Video,https://media.zoomph.com/instagram/17841401433554181/17916776611807914,,,0,,0,,,,,,,,0,,,,,0,Objective,,"Social Owned,Coyotes Owned",,Coyotes Owned
1508,-901721100,Arizona Coyotes,TextMention,2/14/21 16:04,Facebook,Arizona Coyotes,Official: We've signed defenseman Janis Moser to a three-year entry-level contract. ‚úçÔ∏è,Photo,http://www.facebook.com/permalink.php?id=91742120782&v=wall&story_fbid=10159109221080783,0,,20,,4,0,1,1,0,0,0,0,0,,,,,26,Objective,0,"Social Owned,Coyotes Owned",,Coyotes Owned
1507,1880664543,Arizona Coyotes,TextMention,2/14/21 16:03,Twitter,Arizona Coyotes,,Text,,,0,0,0,,,,,,,,,0,,,,,0,Objective,,"Social Owned,Coyotes Owned",,Coyotes Owned
1506,-690069966,Arizona Coyotes,TextMention,2/13/21 21:56,Instagram Story,Arizona Coyotes,,Photo,https://media.zoomph.com/instagram/17841401433554181/17929664521717964,,,0,,0,,,,,,,,0,,,,,0,Objective,,"Social Owned,Coyotes Owned",,Coyotes Owned
1505,-869036393,Arizona Coyotes,TextMention,2/13/21 18:57,Instagram Story,Arizona Coyotes,,Photo,https://media.zoomph.com/instagram/17841401433554181/18180296134134677,,,0,,0,,,,,,,,0,,,,,0,Objective,,"Social Owned,Coyotes Owned",,Coyotes Owned
1504,2012036192,Arizona Coyotes,TextMention,2/13/21 18:56,Instagram Story,Arizona Coyotes,,Photo,https://media.zoomph.com/instagram/17841401433554181/17980423261394308,,,0,,0,,,,,,,,0,,,,,0,Objective,,"Social Owned,Coyotes Owned",,Coyotes Owned
1503,-574687105,Arizona Coyotes,TextMention,2/13/21 18:56,Instagram Story,Arizona Coyotes,,Photo,https://media.zoomph.com/instagram/17841401433554181/17858225573572048,,,0,,0,,,,,,,,0,,,,,0,Objective,,"Social Owned,Coyotes Owned",,Coyotes Owned
1502,1007155383,Arizona Coyotes,TextMention,2/13/21 18:56,Instagram Story,Arizona Coyotes,,Photo,https://media.zoomph.com/instagram/17841401433554181/18161475841199240,,,0,,0,,,,,,,,0,,,,,0,Objective,,"Social Owned,Coyotes Owned",,Coyotes Owned
1501,566744249,Arizona Coyotes,TextMention,2/13/21 18:56,Instagram Story,Arizona Coyotes,,Photo,https://media.zoomph.com/instagram/17841401433554181/18139909003206989,,,0,,0,,,,,,,,0,,,,,0,Objective,,"Social Owned,Coyotes Owned",,Coyotes Owned
1500,2037826816,Arizona Coyotes,TextMention,2/13/21 18:30,Instagram,Arizona Coyotes,We‚Äôve got start times! ‚è∞  *All start times are local Arizona time.,Photo,https://www.instagram.com/p/CShlLMgJyLU/,,,204,,10,,,,,,,,0,,,,,214,Objective,,"Social Owned,Coyotes Owned",,Coyotes Owned
1499,-1949940652,Arizona Coyotes,TextMention,2/13/21 18:30,Facebook,Arizona Coyotes,Start times for all 82 regular season games are officially here. ‚è∞,Photo,http://www.facebook.com/permalink.php?id=91742120782&v=wall&story_fbid=10159107626335783,,,8,,0,,0,0,0,0,0,0,0,,,,,8,Objective,,"Social Owned,Coyotes Owned",,Coyotes Owned
1498,-1450117602,Arizona Coyotes,TextMention,2/13/21 18:30,Twitter,Arizona Coyotes,,Text,,,0,0,0,,,,,,,,,,,,,,0,Objective,,"Social Owned,Coyotes Owned",,Coyotes Owned